{"type":"Feature","properties":{"name":"West Bengal","source":"geoBoundaries gbOpen IND ADM1","license":"CC BY 2.5 IN","revision":"9469f09"},"geometry":{"type":"MultiPolygon","coordinates":[[[[88.21500569955332,21.493025923599138],[88.22884449264355,21.483675375101022],[88.23655544598948,21.486902224845803],[88.24300396812056,21.49712637753741],[88.24282764140669,21.505036985365813],[88.23393909553796,21.515639289246085],[88.22745707163668,21.538650635789054],[88.2223826871244,21.540859404608256],[88.21560585680812,21.54058674340782],[88.21091673546664,21.53739973219901],[88.20699069612809,21.527419980270153],[88.20420313756321,21.512548153718928],[88.20461880601148,21.505908139836638],[88.207947385736,21.498005806365708],[88.21500569955332,21.493025923599138]]],[[[88.33382004738895,21.55585038821341],[88.33025911841618,21.546300127457112],[88.33162376353735,21.542530367835997],[88.3352374245156,21.544579919269598],[88.34081596332831,21.55594273121982],[88.34196433365493,21.56751980720168],[88.33962377857202,21.572906072669525],[88.33805582943071,21.572658890128196],[88.3364245023495,21.56945731813568],[88.33382004738895,21.55585038821341]]],[[[88.17735491378225,21.549383285618095],[88.17786054221803,21.547778175343293],[88.18542434343559,21.543838239727407],[88.19389404620983,21.54095679064635],[88.19796298415388,21.542060455239774],[88.20012754579787,21.544329423099445],[88.20045263172615,21.547051825882573],[88.19747022588119,21.54916432880484],[88.18946120972733,21.578408790580564],[88.1809197908507,21.586948813479413],[88.17872730866935,21.591018224382506],[88.16707560427548,21.598377015272032],[88.16356862632205,21.597525762729266],[88.16189664777927,21.595263662263086],[88.16276372235274,21.593376643638464],[88.16092802854439,21.592245054631753],[88.16137653490784,21.58856970737],[88.16822490166345,21.57329291142697],[88.17272821277663,21.55339582445169],[88.1746980241586,21.550256849487315],[88.17735491378225,21.549383285618095]]],[[[88.35153513560888,21.573205406337394],[88.35513415584467,21.56758156893585],[88.35732561843817,21.566669161928303],[88.35926142589167,21.567600714241028],[88.35921757642772,21.573829901874735],[88.35601772079181,21.58160184481718],[88.35184139913702,21.590170334873253],[88.34791925669019,21.594011396154244],[88.34479282754897,21.59311142742335],[88.34229983465058,21.586344249056935],[88.34393365006515,21.582231314501755],[88.35011198231498,21.58004550880765],[88.35153513560888,21.573205406337394]]],[[[88.04956766827269,21.516237518662965],[88.04574802449808,21.513010654409268],[88.04488484322304,21.5083570409129],[88.0489602759866,21.507511670263252],[88.05210066494732,21.510738127558337],[88.05160243054466,21.515962279015163],[88.04956766827269,21.516237518662965]]],[[[88.07091166098293,21.529986490646834],[88.06976242198544,21.523419384667445],[88.06571219325383,21.52033123675985],[88.05938387019935,21.5111542610759],[88.05903969866455,21.50816539175834],[88.06383807760245,21.509556366192754],[88.06720476475965,21.51298525980774],[88.074896071052,21.517123818444002],[88.07550907960524,21.52956148059304],[88.0733070806718,21.531124114218617],[88.07091166098293,21.529986490646834]]],[[[88.04785607672082,21.575652764623058],[88.04800006138952,21.581146054137793],[88.04558091270242,21.58293807714249],[88.04302869926721,21.58269051493391],[88.04005201119907,21.57769776721893],[88.02793437582014,21.58189552533689],[88.02404221195098,21.585938413366996],[88.02153686092922,21.593822073579705],[88.01668604463323,21.595434512875997],[88.0159619171743,21.582604682844565],[88.00131989547273,21.555427093957242],[87.99886907488369,21.5483126551047],[87.99208867017089,21.520683290574063],[87.99179717314941,21.512976352557853],[87.99794446591117,21.511580125615446],[88.0011569473684,21.513174443047326],[88.01606486859741,21.532050757364186],[88.02175560968405,21.543263079317853],[88.02552155306928,21.562096175710252],[88.02819826042644,21.563352243298215],[88.03389364490477,21.5458165826215],[88.03687514075632,21.545779928938344],[88.03856131088396,21.55099018451903],[88.03909629716155,21.565448477716078],[88.04419465681048,21.568615123579587],[88.04884845998822,21.56145539255702],[88.04937889450227,21.54856623752704],[88.05164485887384,21.54752641551645],[88.0546052470112,21.550456214261022],[88.05663020507012,21.560875373625795],[88.05515583882188,21.566286347286663],[88.04857764398122,21.571423489043575],[88.04785607672082,21.575652764623058]]],[[[88.07590142958539,21.58822065496678],[88.07482476458136,21.587085053777244],[88.0753042646188,21.579761157058567],[88.0782664907092,21.572889740819267],[88.08193318822183,21.57147050018125],[88.08433067223922,21.572847421686966],[88.08479300008166,21.57624611289035],[88.08267181179453,21.582770519697664],[88.07791716284468,21.58793664670623],[88.07590142958539,21.58822065496678]]],[[[88.08621871267584,21.590898953258947],[88.08337809152543,21.592515204736706],[88.08228975650756,21.587078427287093],[88.08869314727876,21.583282451906854],[88.09086207473503,21.587376668327398],[88.08621871267584,21.590898953258947]]],[[[88.07559960373476,21.62095173851336],[88.07433858287487,21.61326497468117],[88.07630413714072,21.609537944317147],[88.07920172225995,21.607652395516027],[88.08161160392653,21.60971056201302],[88.08206567175996,21.613782111442333],[88.07936275785102,21.62031165924769],[88.07741501448231,21.621652251679972],[88.07559960373476,21.62095173851336]]],[[[87.96762471618948,21.63317232875778],[87.94858681828951,21.610842327633836],[87.94437887773336,21.598582804504915],[87.94469312638603,21.591800323143655],[87.94951160872169,21.591637636451537],[87.97691270603416,21.608606160653583],[87.98627062343544,21.61684690789007],[87.99010561851995,21.622976482932728],[87.9910840114251,21.644473643177346],[87.98680918680449,21.666161518987213],[87.9904003342051,21.682488995883237],[87.98588255931756,21.68695194518745],[87.97695650159918,21.684856029070172],[87.97408288712501,21.682344709163832],[87.97340051605542,21.675997393020403],[87.97648260525253,21.66921524777241],[87.96305092056419,21.64377143710273],[87.96357671887304,21.639937145071443],[87.96794943021524,21.638161183185645],[87.96762471618948,21.63317232875778]]],[[[87.90361239140051,21.694545738553312],[87.90203727999146,21.68689751496354],[87.90364099196255,21.6842002360932],[87.90725282666584,21.686720754115754],[87.90914228374565,21.691924793558748],[87.91002576155621,21.70303598785123],[87.90799951621148,21.704008957760298],[87.90490838008115,21.703218185521067],[87.90361239140051,21.694545738553312]]],[[[88.3521690533487,21.62023435762891],[88.35028249153905,21.621972140050268],[88.34621581465458,21.620384034483504],[88.34470361675642,21.616808916751634],[88.34415566419604,21.608301487337048],[88.34572140348179,21.603997899634503],[88.34927039204779,21.60364561458282],[88.35152195283209,21.60641564596895],[88.35315665308721,21.61130285792133],[88.3521690533487,21.62023435762891]]],[[[88.22749654001701,21.650056256512034],[88.22506754759104,21.665992301469835],[88.21973615956752,21.669123569795932],[88.20567871743543,21.671757634595174],[88.19545216957857,21.679364026541403],[88.19359007069073,21.684194066488725],[88.19682771845063,21.69203869428003],[88.2085793388603,21.705244349521937],[88.20890283566885,21.707294581912844],[88.20709401765713,21.709073386338908],[88.20395411199004,21.70792218266676],[88.19441159618775,21.696200640996253],[88.18185021821128,21.686269942771244],[88.17972549146026,21.6819537121216],[88.17992341457185,21.671268781269063],[88.18673237762583,21.649027840782985],[88.19113425457036,21.64289604272348],[88.19680554353785,21.630042475821377],[88.20461540858308,21.603854074007057],[88.20781343704567,21.597099005323468],[88.2120552234268,21.595772585141255],[88.2141864656586,21.60190257972882],[88.21235896358729,21.617030106362662],[88.21618067977528,21.62452747614544],[88.22528996955708,21.635905657909305],[88.22749654001701,21.650056256512034]]],[[[88.30989392105639,21.64283136981083],[88.30492056018258,21.62561012220121],[88.3054681093994,21.61791346842779],[88.3085635574431,21.6070609148208],[88.31668342660132,21.604859646032022],[88.320555938027,21.60693567944627],[88.32570437246483,21.615471023688386],[88.33783050231307,21.624449733347667],[88.34336798721897,21.63038881442251],[88.34474614120536,21.63853895464075],[88.34714277721311,21.643081008396383],[88.34509849010418,21.659132297173503],[88.3489195630984,21.66908662593255],[88.34933700212609,21.680188605161955],[88.34807666937574,21.684709835664517],[88.34294751368222,21.690564003640223],[88.3414773452613,21.69462418145043],[88.33759727271584,21.69777234571513],[88.32571077924942,21.703348035523632],[88.31189061721815,21.706654553503153],[88.30983473465555,21.705515382425745],[88.30902957556471,21.70188248068566],[88.31066775229999,21.692260433869418],[88.31546860968977,21.67974210834928],[88.31550411380472,21.65604623266003],[88.30989392105639,21.64283136981083]]],[[[88.42055079805263,21.70280964847346],[88.4202849470342,21.706856246521163],[88.41545422425452,21.712921449833285],[88.41341143553548,21.725621005152128],[88.39562355862473,21.742241823358068],[88.38958129149604,21.741079305179387],[88.3881663703634,21.73631166302094],[88.38552086149605,21.733816501462023],[88.37115330296159,21.728509891052333],[88.37153448598441,21.725794391064674],[88.3802455651772,21.724062309226138],[88.3850792559906,21.726345068597283],[88.38992894759585,21.725909178764375],[88.40083935862398,21.722369006065826],[88.403756215301,21.719904982006945],[88.40239618662208,21.70573800682545],[88.39558834376727,21.6962983656654],[88.38628010859105,21.688328011244753],[88.38270612440225,21.681302758409874],[88.38279051932656,21.648502256870064],[88.38801048840709,21.643776019470412],[88.38615883243443,21.632219178280227],[88.39592880346332,21.619155863619927],[88.39495239134334,21.61690344652916],[88.38891586534766,21.615943659628613],[88.38630569440699,21.610066357566353],[88.38621274302959,21.605307532037866],[88.39416408644387,21.589521064832308],[88.3989890519209,21.588883084254753],[88.4043011028096,21.591172154660104],[88.40743072815661,21.594355417994958],[88.4054467961567,21.60135829328595],[88.40648338282428,21.607477258103618],[88.41855411626388,21.614609495011997],[88.43020875635214,21.625498909775924],[88.42918767640295,21.635657912451016],[88.41484631094553,21.646882384590967],[88.40947045272219,21.653652221911944],[88.40992468225235,21.659538203759],[88.41388857480031,21.667467428871625],[88.41122527479881,21.684412527590617],[88.4119063693624,21.690095492582113],[88.41525018720908,21.698023615289795],[88.42055079805263,21.70280964847346]]],[[[88.59349562346289,21.566191375929282],[88.58589303299136,21.563447182262372],[88.58606562091701,21.55508375585142],[88.59234073945217,21.556697622189265],[88.59431049783355,21.561420347734227],[88.59349562346289,21.566191375929282]]],[[[88.53434424976297,21.573128412039964],[88.5348086643918,21.578119898786074],[88.52886295447809,21.583748837823844],[88.51359714354156,21.589550764503446],[88.50315681191843,21.598542197606605],[88.49662945184139,21.597819829409406],[88.49289832715658,21.593273162755874],[88.48565483821986,21.570609473998342],[88.48571925910385,21.55792125912179],[88.48905479987351,21.55026944326788],[88.4993314880963,21.54420649393253],[88.50058665014387,21.539711958198925],[88.51002855553266,21.532523571884745],[88.51465146744444,21.531632590447128],[88.51919407086812,21.535286607644355],[88.52113777810625,21.53437328472811],[88.52286349746261,21.529655492383267],[88.52827392555304,21.527771868996417],[88.54337654224682,21.53132595282788],[88.54677749294558,21.533389002231285],[88.54639339129642,21.536556350454383],[88.54262822225895,21.539253501507083],[88.53604233065293,21.549599637775767],[88.5321198468463,21.56204093985595],[88.53208964279149,21.5683804649423],[88.53434424976297,21.573128412039964]]],[[[88.6019064677214,21.58328092576097],[88.59924327911096,21.584779625004348],[88.59485243437646,21.582466161212505],[88.59546787826244,21.577842011451903],[88.59823876948553,21.577315216446085],[88.60117691443814,21.578946042747024],[88.6019064677214,21.58328092576097]]],[[[88.56595283308405,21.56311150496171],[88.57267662237435,21.570160522447036],[88.58108583619062,21.583326596525474],[88.58464127825367,21.59375663782828],[88.58368916915536,21.606825281168256],[88.58069115598067,21.612281413309088],[88.56515272342342,21.62489046627228],[88.53776342099061,21.637625886067728],[88.52777079982366,21.650920633882947],[88.52365200897458,21.652720578259796],[88.52137788340865,21.651575314956485],[88.5187695773705,21.646667177263485],[88.52235546423681,21.623977223757205],[88.51683148370458,21.614893062583317],[88.51327604164157,21.603567868074958],[88.51355295451441,21.59881136624616],[88.52348660038469,21.595709595069348],[88.53145972884292,21.597574947058543],[88.53196583428411,21.591693723868044],[88.54092065066799,21.588338435616045],[88.54902099224854,21.5648441276738],[88.5579703289092,21.56399384515398],[88.55884325151516,21.560362901082936],[88.56029642201433,21.559682327942333],[88.56595283308405,21.56311150496171]]],[[[88.85360392789066,21.601229206762586],[88.85297995360273,21.603247776961567],[88.84625223687799,21.60232845267117],[88.83777118209349,21.605017320839607],[88.83606705733827,21.607490270351782],[88.82966535629811,21.605449755140167],[88.82937063073149,21.580779893554123],[88.8269701670023,21.57172135631304],[88.83208554343767,21.570835089156674],[88.82895055694505,21.559958082902995],[88.83312598028458,21.55349423642603],[88.8435099947259,21.54598335977099],[88.84835261479326,21.544417905665128],[88.86692087795426,21.53280126361837],[88.87667089290912,21.53320362982419],[88.89551477177571,21.539150033787713],[88.90440331315287,21.54733870745807],[88.90662453333844,21.553824509424775],[88.90631295897037,21.55839955778329],[88.90119871081899,21.571505662036174],[88.89246911106001,21.58143264939641],[88.88465653310261,21.58292347472286],[88.8813239343155,21.590216502967785],[88.87307626363845,21.594518357223613],[88.86270174528796,21.596963405898094],[88.85360392789066,21.601229206762586]]],[[[88.78358323210365,21.611135680740848],[88.7777588136179,21.617230174289567],[88.77359061003834,21.628520123661687],[88.77573180829843,21.64254833133258],[88.77497243813426,21.64866354866933],[88.77060319069577,21.652047994767575],[88.74572988252424,21.64652112967079],[88.73848145734506,21.64219277271602],[88.73219257033156,21.64081560596076],[88.72979716501571,21.638296814954398],[88.73031151878786,21.630626611714845],[88.72668219837756,21.63037417754414],[88.72617982723301,21.63288425942569],[88.72156788824243,21.636932218166354],[88.71845331506634,21.635762892774586],[88.71625284596381,21.631457014446525],[88.71416103528142,21.615178081915307],[88.70909945176192,21.60904651426246],[88.7057720245759,21.600202597595693],[88.70627404268252,21.59207259484982],[88.71214318109976,21.57850718056366],[88.72886017186873,21.569091220743317],[88.74119612121791,21.56821676699099],[88.74479219138628,21.570736703988747],[88.74864834988054,21.571217995374138],[88.75084305359556,21.569838937290296],[88.75158832470136,21.565549006012613],[88.75395836608514,21.564134397018353],[88.76462795675192,21.566492907267858],[88.77307813554181,21.573566433410686],[88.79310974801241,21.58266945453458],[88.79792065036371,21.591518317391955],[88.79741358013192,21.59581627908968],[88.78508972569975,21.594870439808833],[88.78605834762958,21.59894520576305],[88.78943797681508,21.601437103386193],[88.78965069787435,21.604606176315293],[88.78479109785152,21.608381683401422],[88.78358323210365,21.611135680740848]]],[[[88.98324212868695,21.6430102785931],[88.97960971447881,21.643464330462518],[88.96582359230862,21.640711823355776],[88.96076204741667,21.642281954489373],[88.956088032145,21.66647365070123],[88.95366366065286,21.67189310622921],[88.95147339102208,21.673910811826],[88.94965361805548,21.673239206183347],[88.94776072761466,21.663715927874204],[88.94329702142575,21.65963711294706],[88.9401762543658,21.651488094341467],[88.94019639998433,21.64084471310577],[88.95109556320683,21.635228086950946],[88.96104818329252,21.62440231268406],[88.96927012172827,21.61944250303322],[88.97725235371358,21.620381216806386],[88.98595623740097,21.617462120586715],[88.99007693716996,21.61972185129347],[88.99239646359037,21.626285287303062],[88.9903024098147,21.63380004846093],[88.98593502458384,21.641567717207742],[88.98324212868695,21.6430102785931]]],[[[88.97343789770977,21.733813556660387],[88.97723952038145,21.737802676160552],[88.97770058698923,21.741845078908888],[88.96779414030912,21.740469723213103],[88.96389789090203,21.741580533604825],[88.9592766076359,21.75154332469208],[88.94999993746211,21.757426621512668],[88.94281551275535,21.75848574263425],[88.93430863679632,21.7630885744652],[88.9272334580079,21.763607448784086],[88.9285138294773,21.75214989521567],[88.93219218712231,21.745585694729456],[88.93221308283417,21.740369197362252],[88.93025917432765,21.73305046131256],[88.925698635141,21.727915651318106],[88.92509883272076,21.720645249176016],[88.92813862294607,21.71638658037017],[88.94705443530736,21.703545788697305],[88.95096461578785,21.69245539017424],[88.95243808911074,21.68227908060859],[88.95605402462328,21.680932682748626],[88.96108948603266,21.66933861673711],[88.96481096999784,21.65677318236251],[88.96507429675034,21.648154792767865],[88.97016036025965,21.647044102360052],[88.9774047546982,21.648348770032193],[88.98564999902564,21.645110046733397],[88.9901583999932,21.639252416986565],[88.99539081792692,21.627555987168265],[88.99864336604243,21.61181426077995],[88.99637312928337,21.606179318887257],[88.9933505570671,21.60548126726936],[88.99373094957248,21.60095786100756],[89.00944424189476,21.601664447040594],[89.02009208075523,21.59920564375609],[89.02394043019474,21.60263812397847],[89.02491560174133,21.605771550199293],[89.02441112314911,21.613489046820714],[89.01401629568672,21.651964707803675],[89.01104043766185,21.65530993328161],[89.00425956582512,21.65143287340524],[88.99457864928192,21.652325130869276],[88.98465919050491,21.659309356508288],[88.983889455579,21.661335377386322],[88.98321425665864,21.66774310861222],[88.98764356096541,21.679682442218155],[88.98749234306207,21.690756198524433],[88.97924126687177,21.708618920966366],[88.96709491414985,21.71963980546964],[88.96588457444169,21.72304071473591],[88.96658834966955,21.72869367620335],[88.97343789770977,21.733813556660387]]],[[[88.57232272208503,21.631736183330908],[88.58646157224312,21.61911386867795],[88.5944685447297,21.613935800365393],[88.60078981061928,21.611696444115093],[88.6050977588194,21.614888695602506],[88.60627763485967,21.620337116060387],[88.60332291149847,21.632535853390888],[88.59624434156983,21.64720935433231],[88.58213404076982,21.66320348900927],[88.57488237716403,21.68849735279304],[88.57366018059243,21.68869810297069],[88.57046151881754,21.683668986350323],[88.5718452971559,21.662233927836184],[88.56789360911941,21.656122931513462],[88.56076863761308,21.650795052443318],[88.55899389629337,21.64702129290395],[88.55948937646137,21.641342907047648],[88.57232272208503,21.631736183330908]]],[[[88.63000409445068,21.664558925326975],[88.62714131815041,21.65820793579937],[88.6276520912378,21.65347745835426],[88.63348820938181,21.6494062125236],[88.63693389169013,21.66457619772967],[88.64160346030116,21.67116986503051],[88.64108164242734,21.67840700722832],[88.63318342268401,21.675032783070588],[88.63000409445068,21.664558925326975]]],[[[88.56292844088101,21.700820861691227],[88.55895577987754,21.70379472040739],[88.55364549866995,21.703076829107857],[88.54928124676276,21.70056710389647],[88.542274733398,21.701221621300448],[88.53909779468336,21.707320545845764],[88.52840344195576,21.716315827278613],[88.52475487244554,21.71809540814237],[88.52161133668636,21.716738940746804],[88.52018393076789,21.71399987132934],[88.52072818047266,21.70290197690098],[88.52840325959774,21.678965402413272],[88.53041424885404,21.656131151183526],[88.53987688196968,21.6478342217663],[88.54379051467583,21.641519158222764],[88.54644701622728,21.640841712128413],[88.55152019789546,21.64357847069474],[88.55675114888031,21.658773494938618],[88.56375802157118,21.663111725394284],[88.5656711717166,21.667874469925952],[88.56508444337697,21.68752423634033],[88.56292844088101,21.700820861691227]]],[[[88.73096216225993,21.647587298331363],[88.74240519250488,21.648761510127283],[88.74473572059257,21.65058280329729],[88.74472375952455,21.654195092444514],[88.7277371268466,21.668167243875356],[88.71028606876007,21.674648967185238],[88.7078504889881,21.679852612002406],[88.7046975999702,21.68181728996908],[88.69957863835856,21.69473232071386],[88.69536505009421,21.717124871895315],[88.69066472855776,21.717766713948084],[88.68938533715034,21.699008979550076],[88.68529879851495,21.689018459608302],[88.68451087899274,21.683018484475067],[88.68607906528926,21.678378930265108],[88.69288055256344,21.675469424677022],[88.69458005458822,21.669156290231438],[88.7008755702702,21.667162615883232],[88.70965512534215,21.654738816723995],[88.71134832029533,21.654313258518837],[88.7159323594098,21.657038831981648],[88.71717555499947,21.647990945437453],[88.72616306107655,21.64393202111553],[88.73096216225993,21.647587298331363]]],[[[88.46156960587741,21.782445979783756],[88.46678176230989,21.7863316986267],[88.46802031091462,21.789650709899178],[88.46680682530632,21.790651759731688],[88.45658791043444,21.788067729778472],[88.45002526453304,21.79143516089602],[88.44278167139178,21.78957051713978],[88.43485684983794,21.77821718481061],[88.42553938267555,21.7607408386563],[88.42411696510186,21.75282281967671],[88.4281327784766,21.73066900897715],[88.42747999342092,21.715495304524698],[88.43189614549361,21.70942895863707],[88.43327925818036,21.700617577719548],[88.43200111902443,21.696655304161816],[88.42739607370537,21.693802357288035],[88.4239969142473,21.69424214721974],[88.42112883339524,21.68879983687701],[88.42026435854622,21.66886331876456],[88.41748689524847,21.65758554701034],[88.42037576491279,21.65054371556862],[88.43449039649082,21.637504276924744],[88.43841799260974,21.62916482456275],[88.43823198565036,21.61851384308728],[88.4300894070818,21.60490487651799],[88.42964052342589,21.60196685752186],[88.43205010415689,21.601080882360524],[88.43858427975198,21.60134512847541],[88.45277630029344,21.61112925412187],[88.4588794219944,21.64375671307258],[88.4621197629035,21.64874000263085],[88.46481106878231,21.66280302606704],[88.4672285358232,21.665066954674472],[88.47054597733656,21.67460724800567],[88.46953941326404,21.68340278727105],[88.46053479428082,21.69353655504796],[88.45247725203365,21.712353991703605],[88.45143336655438,21.718811002961417],[88.453632237554,21.76001050019817],[88.45798066114588,21.777661363093795],[88.46156960587741,21.782445979783756]]],[[[88.57187666542731,21.753638850848507],[88.56690147199036,21.76085808715575],[88.56371991234188,21.761733764850558],[88.5584159453924,21.760794512592547],[88.55418172641922,21.76212118618893],[88.55812615696657,21.774166958388378],[88.56705691197557,21.779177405604788],[88.56616646234006,21.7840626413717],[88.56770125915581,21.792076296327377],[88.56597367489694,21.798177401768683],[88.56159497358844,21.803352734593023],[88.55261310982968,21.809419101647702],[88.54728852834104,21.811668245794483],[88.54374203978647,21.811186447770396],[88.54173512618664,21.80575444570069],[88.53113483964569,21.79594986071544],[88.52509432962172,21.792516718896263],[88.5197690654135,21.791365057022354],[88.51208249414101,21.77978405119439],[88.5101644158379,21.77411762157748],[88.51068001647165,21.769589924031436],[88.51408740898933,21.768484500207137],[88.51372621437989,21.765772900241696],[88.50734196850402,21.756153361605353],[88.5077760730769,21.747188361874652],[88.50890159385591,21.744025620772998],[88.51520079083394,21.739994358829325],[88.5198761886128,21.725096810477247],[88.52521604325788,21.724211524500458],[88.53124024346955,21.728769138892243],[88.53460710849319,21.729452381932678],[88.53297629524829,21.72064138611691],[88.54217650352,21.71570002629879],[88.54388275728246,21.712539455812976],[88.54873939376319,21.71008038947221],[88.56281337837122,21.70859274611284],[88.5642665327007,21.707681810338148],[88.5664209155342,21.69909320086601],[88.5782560864518,21.693472691955993],[88.58441878801567,21.688771840402328],[88.5839775822605,21.678380066399658],[88.58752807191135,21.672512599091476],[88.59060605850254,21.66076004348162],[88.59668640970767,21.657600904153547],[88.6019648366553,21.66419664770332],[88.60687155511141,21.677119698635725],[88.60695291642502,21.685021212681765],[88.60354214803853,21.689537918481356],[88.59399974632225,21.69583405499794],[88.58872089626811,21.704403164172795],[88.58710363321094,21.70892398092988],[88.5877039395861,21.710279755012913],[88.59208426235371,21.71053041854104],[88.59138189837914,21.71402542177353],[88.58792493323082,21.716857741543993],[88.58115169887066,21.718839800599262],[88.57357465289256,21.725260669450446],[88.57211775438498,21.731230087066958],[88.56728839704452,21.73325569715749],[88.56702134767347,21.73778197216622],[88.57108149380583,21.74187087472841],[88.57277446777343,21.747527911641576],[88.57187666542731,21.753638850848507]]],[[[88.62919781336404,21.738938621788677],[88.62917532044763,21.743970327675445],[88.62623122235964,21.752088160713384],[88.62516813808611,21.775621044841007],[88.62270844573531,21.781036358612266],[88.61348654764107,21.785974481519418],[88.60743063510323,21.786590167240572],[88.60453162256104,21.785242977744232],[88.59592561840873,21.784974802078786],[88.59196630367543,21.779988225887852],[88.58910356240948,21.772272425511304],[88.58938209853804,21.765036644005107],[88.59256571353193,21.757121024546283],[88.60520564199344,21.74858850501965],[88.61512954653277,21.745693167389426],[88.61915935745631,21.740522379225485],[88.61906686871129,21.734178192571115],[88.61475406421872,21.724895924131715],[88.6070376967266,21.7185085343641],[88.60232607887546,21.717360665946273],[88.60053507625247,21.711929437364986],[88.60466837219842,21.710596618437016],[88.60709089046614,21.70720117631461],[88.61095523800256,21.70699481077945],[88.62682942398209,21.729709287352012],[88.62919781336404,21.738938621788677]]],[[[88.58221798384155,21.746452379123262],[88.58081253454523,21.731965472705213],[88.58157821447597,21.72677244104984],[88.58353220472917,21.725424827824767],[88.59347497838102,21.722539285631328],[88.60893185019872,21.728928983139827],[88.6139797559697,21.733028714390098],[88.61224603621746,21.74071530675152],[88.59696907449329,21.74698674962278],[88.58677448330434,21.755513055940092],[88.58293677351107,21.770662257407725],[88.58086061687081,21.77313006842207],[88.5721641927936,21.770837498536395],[88.57074788466213,21.763813894896675],[88.57514107579618,21.755016727790686],[88.58000521680276,21.752095626492082],[88.58221798384155,21.746452379123262]]],[[[87.97535899788504,21.701113385918045],[87.97531100539098,21.690724588980128],[87.98050891813632,21.69189088800848],[87.98629586789158,21.69646955248976],[87.98700104718624,21.699186608386665],[87.9845503990737,21.70165135865114],[87.978980305323,21.70249887329387],[87.97535899788504,21.701113385918045]]],[[[88.14410982818559,21.653757166609868],[88.14146068114134,21.65611289842242],[88.13675298263983,21.670325273300865],[88.13381080335327,21.672324334390876],[88.12583893882464,21.673615961686526],[88.12334655588234,21.680838113919307],[88.12428211711477,21.68696289266587],[88.12956601120922,21.689944580021734],[88.13192211163809,21.69650901255389],[88.13506815908679,21.699503836771285],[88.13476305618201,21.706489819523636],[88.13081415382118,21.71778801502507],[88.12322597951334,21.726323005218983],[88.12075983815708,21.73265063317403],[88.12144703946797,21.738518550894234],[88.12792454664,21.7473939112779],[88.13025140870299,21.756695879065767],[88.12344318496248,21.75979158824151],[88.12099271112315,21.774096620830413],[88.10338208888591,21.78545095426226],[88.09847652027337,21.786441731649905],[88.0915316672697,21.78535905090881],[88.07970786273542,21.780935335632677],[88.0739162722834,21.77705087117443],[88.0722580756937,21.772539160019324],[88.07307156306554,21.74808479291494],[88.05690295964152,21.727593698913502],[88.05380576617127,21.721564538293762],[88.05318394424674,21.711051057533773],[88.04281956158763,21.706676862771268],[88.03779362501521,21.69961941082653],[88.03259018044436,21.687603818288437],[88.03350859014306,21.662925831971187],[88.041143178605,21.659008900276532],[88.04076951088786,21.648292403173844],[88.04383345681113,21.64356372326547],[88.05744142778914,21.63802440398197],[88.06495598515946,21.635824409951173],[88.09037898862304,21.634420812946836],[88.09500116840785,21.630622874841254],[88.11125338791682,21.623967489066516],[88.12068407155108,21.623814780352443],[88.1378433002395,21.632429426094166],[88.14402804646043,21.638708382205916],[88.14686068787618,21.645142395207586],[88.14410982818559,21.653757166609868]]],[[[87.92323880169428,21.709711380926983],[87.92160565103302,21.692043443723698],[87.92320934234286,21.689134072962762],[87.92685577835427,21.68825376357079],[87.94053105021501,21.71303772918325],[87.94251444592072,21.71962874948214],[87.94174948823547,21.72277245040746],[87.93235048009643,21.720498983621198],[87.92562269509975,21.71449057510013],[87.92323880169428,21.709711380926983]]],[[[87.95630502283643,21.70501814047948],[87.95702185597527,21.708223082760163],[87.95228417170954,21.711790962985702],[87.94994111751353,21.710768887415945],[87.94727370771957,21.704315525653744],[87.95630502283643,21.70501814047948]]],[[[88.18790760308787,21.711327267303297],[88.18293311662502,21.705958041891297],[88.17983364053562,21.698945716501605],[88.18034062812242,21.69442015671053],[88.18348501638278,21.694420113306847],[88.19116592647235,21.702847101166125],[88.20104392710067,21.710179233926432],[88.20242396575254,21.715612993041255],[88.20020409124324,21.72352565369554],[88.19601052552824,21.72157007372398],[88.18790760308787,21.711327267303297]]],[[[88.39348958820939,21.714168272166262],[88.39047648513454,21.71708760234765],[88.38534878471182,21.71910149689725],[88.37183346776884,21.71812583997018],[88.36380884698023,21.722831845823094],[88.35908965902621,21.738610073706248],[88.36099149578895,21.74836926275786],[88.36670875514274,21.761965849020985],[88.36425086660901,21.763552951626128],[88.3499913960645,21.7607362992223],[88.34518532754777,21.758220856711134],[88.34302331262758,21.7536777262058],[88.34317220389437,21.74960854705441],[88.34699271005164,21.737636738718873],[88.34771512352503,21.721345622832015],[88.34135447818832,21.712934993381673],[88.34189290860667,21.70569876295372],[88.3472499579046,21.70189865189436],[88.34872371689173,21.698731878094083],[88.3550562054342,21.692891223590326],[88.3557832515195,21.690188875889167],[88.36380101007768,21.686395657764272],[88.37316983033158,21.69707331549492],[88.38959495666815,21.704420420115238],[88.39269022774371,21.708066401197428],[88.39348958820939,21.714168272166262]]],[[[88.20045289493252,21.754948386587458],[88.19740964709166,21.742268144783882],[88.1974679576351,21.73367052050466],[88.19810847260233,21.730733050829585],[88.19968446615704,21.73028130335763],[88.20400793724524,21.734147648985637],[88.2067337986181,21.756808777365215],[88.20526581669655,21.75997385999246],[88.20196978922296,21.759510691844895],[88.20045289493252,21.754948386587458]]],[[[88.28783299729092,21.7298904757351],[88.29436729056533,21.72076431546679],[88.3004320928312,21.718115574184125],[88.3018755453556,21.719022544915145],[88.30107686760954,21.741866646767647],[88.29885496919589,21.7549772237074],[88.29427769619214,21.76896009646876],[88.29184597558265,21.772350619944632],[88.28844285096089,21.770281526422345],[88.28807675154998,21.756026088974586],[88.28503749402563,21.73927506279115],[88.28783299729092,21.7298904757351]]],[[[87.98890336364933,21.72906761375853],[87.98645056047846,21.730196786533064],[87.97874935744662,21.726265064112702],[87.97902794567747,21.722633784511014],[87.98507311795774,21.722025356913896],[87.98815531225773,21.724113747851558],[87.98890336364933,21.72906761375853]]],[[[87.95806237546716,21.740340041898495],[87.94986598960969,21.73504464370519],[87.94750635341185,21.729739702535976],[87.949925664694,21.728953332609997],[87.96221833770437,21.736969993901628],[87.95806237546716,21.740340041898495]]],[[[87.9389959964811,21.757425024622915],[87.93228267795374,21.747851175250034],[87.93189092355664,21.744412184572525],[87.93798486627202,21.74376691861564],[87.942674077445,21.74585742174436],[87.95727678078491,21.75651944426865],[87.95862989872431,21.76004938884764],[87.95704637189768,21.77146106523545],[87.94969609752823,21.76899695962862],[87.9389959964811,21.757425024622915]]],[[[87.8957790174443,21.770921737836826],[87.88043618046375,21.75751917851426],[87.87638239530192,21.749552590281592],[87.87644685122018,21.745257467234545],[87.88153640378606,21.745298461711],[87.89683593029184,21.76150282829751],[87.90167023285797,21.772321720410915],[87.89823618103759,21.772935125570854],[87.8957790174443,21.770921737836826]]],[[[88.36297332303616,21.737967079721454],[88.36831091213007,21.73822991441703],[88.37482708279194,21.74144614636633],[88.3801425347023,21.741248855833074],[88.38446358572915,21.74534992778103],[88.38573164758421,21.760295112441007],[88.37707883312078,21.76632750911149],[88.37188173784234,21.764713878777417],[88.36297332303616,21.737967079721454]]],[[[88.37138039706542,21.785510743336722],[88.36844909547865,21.79321707982952],[88.34736420204918,21.79804948914973],[88.33404175788928,21.79570761800871],[88.32779929670798,21.787963547014762],[88.3256486894936,21.781604646581922],[88.31839524722358,21.781328403413568],[88.31570747352045,21.78266636202319],[88.30303392291447,21.779410229015344],[88.30112204208855,21.775123208728452],[88.30907095466165,21.730495309338416],[88.30674730587242,21.71452562286132],[88.31427305714949,21.710488532819568],[88.31985464304762,21.710521698713816],[88.32737446095223,21.70719356298157],[88.32793729141034,21.711720997152508],[88.32512916591705,21.716675572826134],[88.32422054336337,21.727511051445422],[88.32819792770856,21.727795508611397],[88.338387551214,21.721950145216365],[88.34297415052703,21.72812320937172],[88.33809381828577,21.74900223780116],[88.33889618271775,21.757260150248563],[88.34211968740182,21.76091109027064],[88.35552823508169,21.76734824268621],[88.36760737136248,21.77033945227705],[88.37138039706542,21.785510743336722]]],[[[88.43754080570112,21.789517994232124],[88.43814623426998,21.79543481181861],[88.43444373170678,21.79738949752297],[88.42894455455783,21.796297354942276],[88.42433336835548,21.797829860388433],[88.4196725223859,21.808448793297956],[88.39770862116268,21.79564519243264],[88.39411624037518,21.791762155872394],[88.38614967680506,21.786977239505156],[88.38231683049074,21.781989350729607],[88.38202425099932,21.77799398864641],[88.38456343796456,21.76975122199829],[88.39065711028705,21.763016143252766],[88.39141290425808,21.760100382420134],[88.39844835325643,21.754697807181323],[88.40338973590272,21.738908589885],[88.4179750298924,21.727002141639566],[88.42016207906289,21.72655888432982],[88.4202191849655,21.758231215578782],[88.41877361601033,21.766197737687417],[88.42495153413678,21.776363988849962],[88.43754080570112,21.789517994232124]]],[[[88.27922890924509,21.78552602426431],[88.2741689364049,21.78842686519703],[88.26769380707344,21.787719625021406],[88.27047688753662,21.780095379154574],[88.27352013986904,21.778964562466612],[88.2770095279109,21.780155184643586],[88.27922890924509,21.78552602426431]]],[[[88.90318460563783,21.645264144038418],[88.90974496892008,21.634873812125868],[88.92039511285759,21.631067638945993],[88.92638236087005,21.653265720787108],[88.93457906203622,21.665724021020196],[88.9367322222626,21.67253563325658],[88.93886875018153,21.692672115935295],[88.93690045515577,21.70077938713032],[88.93350002727648,21.704170228361534],[88.9233381194925,21.708553742550972],[88.91338517331837,21.715424096991658],[88.90609755015176,21.728750821899073],[88.90220445472963,21.732366239855157],[88.89036520186735,21.737736517158677],[88.88622714035886,21.741583860408305],[88.88199207786764,21.741132313091633],[88.88018060713091,21.740441009177562],[88.86768241305826,21.70961756460578],[88.86708564694366,21.701020159931392],[88.87668027221898,21.690667907304547],[88.88205776717277,21.677559218934427],[88.88353999367979,21.66556831676286],[88.8915655532079,21.651112861577097],[88.90318460563783,21.645264144038418]]],[[[88.85882488332136,21.75229688281359],[88.86196337593852,21.76140544411617],[88.84427287460791,21.76587724011855],[88.84016976564875,21.764939335638026],[88.83750665698841,21.766082988018624],[88.83362478242249,21.76560481099085],[88.82829244038814,21.76264905181504],[88.81526848214266,21.75288152601764],[88.79393781054976,21.74932960902107],[88.78902599505274,21.746464171477882],[88.78759135769623,21.7423639432183],[88.79161803888928,21.7364973215331],[88.7884596485886,21.73377401169865],[88.78386397359625,21.732626488773978],[88.77981036899578,21.71769771910045],[88.76822186557375,21.70519928317983],[88.76799002207699,21.703376111793546],[88.77066770680118,21.702721384674852],[88.78588081986818,21.7122737499263],[88.79022110382526,21.71364460075816],[88.79143508440526,21.71252104578339],[88.80400913311881,21.71618302712273],[88.81686914972323,21.708985933441316],[88.81906294524153,21.705845974990762],[88.81919914510995,21.70200671725399],[88.81717906220804,21.680721447946752],[88.82110993358451,21.66717396308536],[88.81774555419929,21.6574120931659],[88.8090814721672,21.646738214211442],[88.80442697459172,21.635440579950558],[88.83846012523772,21.619036968947736],[88.84231619569707,21.62042812435871],[88.84381876455369,21.62772167145906],[88.85048385073682,21.631767526896585],[88.85485040233112,21.63651667532644],[88.85652186344429,21.64173858992959],[88.85599917510298,21.653270650182073],[88.85320153923722,21.661626112483415],[88.85087815006113,21.664330177875623],[88.83913675786928,21.692929937582917],[88.83932333256391,21.719274192158263],[88.84508379908627,21.733516005381443],[88.85882488332136,21.75229688281359]]],[[[88.7891836197407,21.66680132240458],[88.79175028706877,21.664584841026578],[88.79139521717295,21.660952164562268],[88.78896618881437,21.65800268397588],[88.78922699938576,21.65369728934618],[88.79478877204198,21.652801491089154],[88.80396899818852,21.654220573343157],[88.80503760440611,21.665735719808385],[88.80788622146088,21.667449772787577],[88.80875982409151,21.670045471109308],[88.80580720727968,21.686331034403395],[88.80552103008131,21.698331457105493],[88.80383211919376,21.702848939037867],[88.79969067822314,21.705321016354763],[88.78107073588211,21.701405802715826],[88.77044487879664,21.695710341455197],[88.76371107059593,21.68957228534781],[88.76056446349682,21.689538469393007],[88.75929437414416,21.699739997729964],[88.75504370522151,21.70739395992778],[88.75480480366159,21.712149878587276],[88.75818463047646,21.715177149130927],[88.76844844314628,21.718991746912305],[88.76976227685998,21.723060636404373],[88.7637894602826,21.727337006682536],[88.75538162717687,21.730100632844366],[88.75055907008311,21.733937896663594],[88.74882488590187,21.73761829184929],[88.74846230070035,21.743236721504307],[88.75304482884854,21.756419662189405],[88.75302097498448,21.76267720243584],[88.74492518876072,21.77003333804249],[88.74507191508764,21.77596998565631],[88.74712467241136,21.779831056162312],[88.75141379012649,21.781131734937272],[88.75603079202203,21.785163484046887],[88.76030444254455,21.79229734356707],[88.76741599950874,21.7983915308922],[88.77114253739573,21.808866973058223],[88.77330045240495,21.805360661749823],[88.77227287494132,21.79652403414098],[88.76577068655688,21.78482800060587],[88.75854433567915,21.77802024428876],[88.75661331355114,21.77346278874048],[88.75637560675057,21.77210050972918],[88.76558878938994,21.768066014904683],[88.76464891624414,21.762644114484896],[88.75744473129608,21.749717207343778],[88.75684476089084,21.743607458841485],[88.7589245440299,21.74089736741034],[88.76814463201886,21.735507892424003],[88.7807203740567,21.737835794034037],[88.78286948916939,21.74145241114276],[88.78439593434793,21.757084845817797],[88.7794306511252,21.76313173633564],[88.77986867504762,21.770861313660784],[88.79251391704403,21.79012152563184],[88.7926041501194,21.800078385002323],[88.8116668576909,21.814164460371238],[88.81529918655907,21.8189394050726],[88.81671120523502,21.82257068773994],[88.8166663586411,21.83521540691831],[88.81959192448477,21.83795815612377],[88.8262877537119,21.859697276775062],[88.82483720000516,21.865789520327642],[88.82093933093564,21.868481538876836],[88.80881819931363,21.8664213721252],[88.79962752755695,21.86909364412258],[88.79551825884995,21.868854952500747],[88.78994842111909,21.86499595169269],[88.78629617749935,21.866339828468952],[88.78603118976189,21.871530517734577],[88.7841076029895,21.872897918563318],[88.77878750678909,21.868326942346087],[88.77733005222437,21.86877946185927],[88.76955478758894,21.87556059508136],[88.75999138685458,21.878689440511778],[88.75865065758126,21.881606124567952],[88.74259653366039,21.896017836095766],[88.73437639095691,21.896882603808713],[88.72195525347105,21.904992726555726],[88.71590692540914,21.90450646582454],[88.71375141249503,21.90155229597662],[88.71173516450105,21.889340275532657],[88.70584778219876,21.878452300457916],[88.70418441939785,21.86984603190996],[88.69836823127673,21.864391378009685],[88.6957823947988,21.859557968768424],[88.69600309469442,21.854203733968543],[88.70240076858717,21.8528783109328],[88.70193136112196,21.848900062843565],[88.69653495213984,21.843334641467504],[88.69752512375503,21.836812897762325],[88.7050668327048,21.826203643663266],[88.7080353766466,21.817852353930164],[88.7141027229414,21.813574036405242],[88.7144775405021,21.810866743844333],[88.71192612566921,21.809017686478835],[88.71175018163767,21.793204526435858],[88.70890097977966,21.78029319689456],[88.70385292937992,21.768742079971084],[88.693866907237,21.757824935656522],[88.69109420411195,21.7508256158622],[88.69284703552188,21.74108231241329],[88.69928728866077,21.730246173484606],[88.701890497658,21.71940543137153],[88.70640133036501,21.710598973657145],[88.70948906098212,21.69477959139473],[88.72964226042646,21.677664402517006],[88.73958337399168,21.666403001654793],[88.74999983558108,21.661366528348776],[88.75315357440523,21.667121950615826],[88.76716419275145,21.666050847888112],[88.78242886552253,21.659098828906476],[88.78748729775202,21.666592146501866],[88.7891836197407,21.66680132240458]]],[[[88.78689769929508,21.764085687530024],[88.78933957176557,21.762280265824693],[88.79152385053175,21.756634807303712],[88.79590575163932,21.755727775235744],[88.8026641152883,21.756906386595137],[88.80905788779774,21.755613282513636],[88.82078550791795,21.76397492070611],[88.8232832052935,21.776559472613965],[88.82311537933717,21.791384126747428],[88.82889837021695,21.80565381129331],[88.82875170228051,21.81061797771018],[88.82296427282492,21.82249979852291],[88.79750676956287,21.784026818952256],[88.78591052805292,21.772671878054812],[88.78689769929508,21.764085687530024]]],[[[88.90084797259946,21.751622428184994],[88.89587420838212,21.756088849676377],[88.89319031450269,21.76378610657792],[88.89556545472404,21.77916746117545],[88.893838741831,21.788194026399637],[88.8855975039897,21.796993053180934],[88.88096866768863,21.799231672079706],[88.87827185244215,21.80558398293818],[88.87835948130147,21.815744016340425],[88.87556940925045,21.820699897819782],[88.87675284082259,21.836339036875497],[88.87161629648585,21.851925452194845],[88.85902761691132,21.85753916005414],[88.85852158333536,21.860704511364798],[88.85416247877477,21.86248767029059],[88.85002425287453,21.862260999727845],[88.84494385863296,21.858160590833503],[88.84236477209608,21.83327745330989],[88.84413473527678,21.81135794637196],[88.84076846763284,21.79957761864325],[88.83619874496902,21.79253294830153],[88.83595743682245,21.78846179648935],[88.84711800709766,21.78376259079514],[88.85316683372456,21.78378257661333],[88.86651135577917,21.7797381973946],[88.87428588738933,21.770500857018764],[88.8828013063267,21.752447727459295],[88.89831212736708,21.74389686467924],[88.90632228168639,21.736222768912114],[88.91114875363817,21.734416564659675],[88.92251836187998,21.740566080238253],[88.92396330830273,21.74440672595199],[88.92323974947732,21.749397488990233],[88.9050562527188,21.750240972631488],[88.90084797259946,21.751622428184994]]],[[[88.91449777273036,21.93242484601592],[88.90193387497953,21.923590982999464],[88.89422861425754,21.914718563585144],[88.88283749046636,21.913506149845226],[88.87628985451505,21.913694122955206],[88.86876808097806,21.916405096200016],[88.8580204222215,21.913705494825777],[88.85060804731641,21.914733387330415],[88.83513900153004,21.92263209808034],[88.82776933073696,21.927343021828694],[88.82534636780315,21.930512116943103],[88.82342173988334,21.930728174305784],[88.82124271895655,21.927758004311585],[88.82272319285043,21.918042696713762],[88.83777048500082,21.90905857203814],[88.8438424450429,21.902968438835636],[88.85381119976941,21.889439473998504],[88.86065755070553,21.870227933660995],[88.86526087215758,21.870470017658974],[88.86676632191131,21.869240379155894],[88.86659983534308,21.86548818297624],[88.86321411378331,21.863227929145364],[88.8635927545739,21.85913762612128],[88.87428427042182,21.855563620236534],[88.88276479789526,21.84088421559512],[88.88619960879201,21.83749291691928],[88.89176750975513,21.835257307935695],[88.89128735304922,21.83231200649805],[88.88656552045501,21.829219535690857],[88.88721628879291,21.817155040708187],[88.89157468368444,21.81558285686773],[88.89134469341215,21.810820025114083],[88.88711111763273,21.80968653015345],[88.88652928690802,21.806303591267206],[88.88834161912912,21.802286034595248],[88.89494970720749,21.796584024616994],[88.90038599599829,21.78849342291056],[88.90067412074423,21.76221807765183],[88.90166761702427,21.759721468899457],[88.90843315731404,21.75725524610593],[88.91255835225276,21.759544856775975],[88.91627498801036,21.767004178034504],[88.91929632863638,21.768367514889693],[88.930191469203,21.77088019590568],[88.94084380323318,21.76822452148935],[88.94861640975371,21.769138033478182],[88.9505187783191,21.776385408038678],[88.94784331063704,21.78157698767056],[88.94250434262914,21.784725702361825],[88.94152469298089,21.794013458200805],[88.94293895564843,21.797625124745746],[88.94804179160245,21.803066501329337],[88.96545332740976,21.80651120360307],[88.97074855554814,21.815555370478183],[88.96880485549653,21.82393893489811],[88.95283334693741,21.824814510744496],[88.94773573109356,21.827519165314726],[88.94284258797803,21.83858164494456],[88.94380859940365,21.846029172738508],[88.95025584952027,21.856136262981252],[88.95831077317837,21.863026556886876],[88.95913967025062,21.86600175331397],[88.96700768863407,21.86804373697398],[88.96845162804534,21.87144204764503],[88.96815096371638,21.89723181060762],[88.97153928320395,21.903581495440115],[88.97081524198327,21.906499450598147],[88.96790167853008,21.908541686282295],[88.9632814804288,21.906709131832706],[88.95919693605333,21.907155638768156],[88.94679438111743,21.91277738635275],[88.9346677104834,21.919528134992245],[88.92480246323716,21.927980364964974],[88.91449777273036,21.93242484601592]]],[[[88.81293149786302,21.873211364822165],[88.81946760663263,21.874362755427672],[88.82626979189777,21.873032196666017],[88.8315959077089,21.869897535768242],[88.83498736860501,21.87170669245397],[88.83811202626849,21.8803378260862],[88.83791014517972,21.887461052268698],[88.83736113170902,21.89095083274046],[88.8328151066024,21.89713744689839],[88.82352329352788,21.90131779190293],[88.81744312917235,21.900606652637496],[88.80589390997598,21.87838537195952],[88.80590888399345,21.87295707253773],[88.81027423004865,21.871847754286648],[88.81293149786302,21.873211364822165]]],[[[88.77910433181003,21.922874665616852],[88.76259091814903,21.92823242578497],[88.7480434360463,21.92728027043733],[88.7374277874157,21.92268637961627],[88.72793659236558,21.925376754807452],[88.72597028890478,21.929214908393863],[88.72091078947672,21.927809292249805],[88.71536624201605,21.92174391750898],[88.71708344803845,21.916507136032465],[88.7270386912048,21.908617972648734],[88.73917741812828,21.90212342478099],[88.74500709355507,21.902581667236824],[88.75132383463058,21.898106335415473],[88.7563581596711,21.889246588446134],[88.7666289235046,21.881432742953123],[88.77147495806831,21.882551441286097],[88.77512647764591,21.879650652629646],[88.77587604898697,21.87714739039687],[88.77803435835659,21.876691040228057],[88.78527816260193,21.88237349940196],[88.78941206670734,21.883081342739924],[88.79281880255654,21.879463143959132],[88.79558350438734,21.878896297520928],[88.8019852018342,21.88450535551314],[88.80999544688335,21.89751500471504],[88.81136686889502,21.90511085616719],[88.80964448767828,21.913030701706194],[88.80332735583559,21.915951220199336],[88.79728781060224,21.91183702222187],[88.7936632898905,21.912977072386003],[88.79426275634087,21.918838549479023],[88.7926574525551,21.920643275035435],[88.77910433181003,21.922874665616852]]],[[[88.47204492418594,21.799262782332345],[88.47784396077333,21.801823883038985],[88.48194149658441,21.79908639322414],[88.48328669407798,21.79975642846469],[88.49302547560019,21.80976720288818],[88.49761024953659,21.812296955787584],[88.49857624838579,21.815470918058768],[88.49746790159834,21.81999656312899],[88.49502474004541,21.822073562657216],[88.49169166604949,21.831707279511303],[88.48636350207954,21.83552071561671],[88.48250056130486,21.835032636319493],[88.47862541512043,21.8320941230901],[88.47430975757855,21.826419529634812],[88.45959358623853,21.814105457198387],[88.45742128471005,21.810457780754682],[88.45892556036569,21.80573127691556],[88.47204492418594,21.799262782332345]]],[[[88.58041311931541,21.813856523221634],[88.5889590899556,21.801670995985155],[88.59549421596827,21.798989619253337],[88.6051619757858,21.797985888534516],[88.60787368060811,21.798152692873366],[88.6117208505596,21.800886433880695],[88.61055655489966,21.807359664989033],[88.60536489353039,21.812627281673418],[88.60512462922617,21.816093078791322],[88.60533382978785,21.81848878763558],[88.60863764475663,21.822573294641153],[88.61450105102404,21.826923270918513],[88.61389455615488,21.830755321173555],[88.61183647271986,21.83300168838835],[88.60235733216251,21.835453332554778],[88.60136476204552,21.842020415987303],[88.59893929730367,21.84403390160178],[88.59384295886412,21.84514137222063],[88.59067182146954,21.849214440589705],[88.58860509534314,21.848742676936972],[88.57626493020037,21.8319219021765],[88.5748221783619,21.819849945156662],[88.5767913510417,21.815424280893474],[88.58041311931541,21.813856523221634]]],[[[88.50286520440417,21.82836958277094],[88.51355064674246,21.825945866975633],[88.52200100878862,21.829395160509787],[88.52619726675452,21.83619775736063],[88.52617009900537,21.841414020704807],[88.51869926623323,21.851761908050975],[88.50854747797091,21.854439326831926],[88.50272360566086,21.85303202038796],[88.5021696945752,21.850614210597882],[88.49766212454928,21.846680644571865],[88.49527642463181,21.842342321641482],[88.49542206848882,21.838300382674326],[88.49774869070164,21.832662639591337],[88.50164500658404,21.83063351341809],[88.50286520440417,21.82836958277094]]],[[[88.65235411404085,21.869385675126736],[88.6483842216451,21.87072172919296],[88.63684988034646,21.86887999932505],[88.63248141983219,21.869754016027535],[88.62853742047618,21.88217336286539],[88.62416568560269,21.886908125655356],[88.61929172511172,21.89676962095937],[88.6162503044442,21.89480213002739],[88.61155734729644,21.887286159850802],[88.60215732765438,21.876852514273793],[88.59714203881305,21.864853763437132],[88.59789985399348,21.855569499835045],[88.609346903301,21.844527207363402],[88.61128718885622,21.840719617354882],[88.61688547623211,21.83665018936347],[88.61923936051718,21.82930453203932],[88.61852213391626,21.82466443356652],[88.61405001949628,21.818548984907256],[88.61444359298181,21.812643914957835],[88.61993665260366,21.806118837094573],[88.62507797777432,21.79575754877444],[88.63258518512897,21.793980852920768],[88.6410255632991,21.789002250737695],[88.64492883304011,21.793031863361588],[88.64387423874435,21.810622020996274],[88.64837149521246,21.823259166525396],[88.64994065618112,21.852712629270542],[88.65333058185638,21.864495798591303],[88.65235411404085,21.869385675126736]]],[[[88.54100164906221,21.8280930603699],[88.54453100943925,21.825645658962937],[88.548667701017,21.819348020353967],[88.55377525851608,21.8168963436909],[88.55522477377036,21.81826149187644],[88.5549523803217,21.82368191551263],[88.55156526098334,21.826602515550345],[88.54981402318474,21.832253039160396],[88.55748537250473,21.851508712331757],[88.55619831846793,21.86349695111471],[88.55225955808667,21.872992833511745],[88.55223842971118,21.87751791869428],[88.55565599564945,21.882501758391232],[88.55182005463895,21.881995769785846],[88.54710008155739,21.878607153611277],[88.54724919830129,21.86119514836951],[88.54488595087601,21.852590405831414],[88.53352435919979,21.846412062864058],[88.53625586828083,21.831284152304974],[88.54100164906221,21.8280930603699]]],[[[88.5724323938048,21.85493996037658],[88.57398769107365,21.864325929401183],[88.57094495347592,21.867434701837563],[88.57283237587158,21.87872284675739],[88.56461642830048,21.87689683226133],[88.5629165678479,21.878242362591536],[88.56073081853961,21.877766159110795],[88.55688371865668,21.87347375134202],[88.56276184022674,21.860124771947792],[88.56256727142441,21.849509350446613],[88.55898037125844,21.839539126253595],[88.5582952585306,21.83273211701284],[88.56265430649734,21.832081779074947],[88.5648313035198,21.83437345561698],[88.5724323938048,21.85493996037658]]],[[[88.55960468421122,21.8854629557445],[88.56027891564605,21.883148500772794],[88.56574840796641,21.883942546147715],[88.56774456064747,21.882796010150013],[88.57304961096514,21.88484088109918],[88.57249775522489,21.896898838871103],[88.56982715371673,21.898185380419324],[88.5621424778895,21.894170662302052],[88.55960468421122,21.8854629557445]]],[[[88.6564925645199,21.9179483267859],[88.64847472960493,21.921867912594024],[88.6425270038717,21.919863044773155],[88.6384086028915,21.92220052179888],[88.63611541597355,21.921573432320212],[88.63226515851238,21.91181855362797],[88.62648915562717,21.906156574916597],[88.62726910619453,21.89597710482124],[88.63043913506806,21.893055031644742],[88.63216523800502,21.885589126354443],[88.63579600290628,21.8835865614298],[88.63848336607933,21.87678782580949],[88.64308973012524,21.87612431115601],[88.653290452316,21.87890902428762],[88.65685148549335,21.891127071001037],[88.66553088919089,21.90067721053882],[88.66741856041995,21.913356154214483],[88.6564925645199,21.9179483267859]]],[[[89.12311033585395,21.585861074169582],[89.12979104284159,21.58406122859912],[89.13568797064212,21.58634342460476],[89.13685835059151,21.590849147714938],[89.13469564666352,21.591301828168728],[89.13180276691978,21.589734226410453],[89.12671530922512,21.592214323110507],[89.12489427951546,21.591517293336985],[89.12311033585395,21.585861074169582]]],[[[89.4892548484595,25.92883296611663],[89.4964204849021,25.935274869766218],[89.49480044694904,25.93672927220124],[89.48743720989005,25.930714309539535],[89.4892548484595,25.92883296611663]]],[[[89.5988150783266,25.940352457337156],[89.60451834641985,25.942605647963205],[89.60665348464504,25.95102237760658],[89.60011148472384,25.94840602617109],[89.59711532028199,25.95911735175769],[89.59320141269134,25.96071425106044],[89.58606612044072,25.962408075228876],[89.58026939432027,25.954318115537074],[89.56565735299301,25.95167135757067],[89.56486491494489,25.947238408527348],[89.56745005343188,25.946350975251022],[89.57121164986945,25.948830779179634],[89.57447413604696,25.94779551630983],[89.57297658338287,25.938606112761857],[89.57655414376481,25.932548637595836],[89.58007914461781,25.934936751506857],[89.58371576114484,25.943473379230657],[89.58658992808292,25.946422461960914],[89.58982189130369,25.940385983060953],[89.58735468095226,25.9366787493943],[89.58817964250522,25.93537836917718],[89.59041750487977,25.937532039947833],[89.59336589242326,25.9369352949375],[89.5988150783266,25.940352457337156]]],[[[89.49464062588021,25.954669722671948],[89.50820326158076,25.946441555179074],[89.50688258809446,25.95340131279538],[89.50216916373131,25.95973369248361],[89.49819103019112,25.955910007581053],[89.49464062588021,25.954669722671948]]],[[[88.99407257707841,21.68434150919575],[88.99358752635086,21.667243349470407],[88.99119812357777,21.658637367278374],[88.99555241586337,21.657292570409766],[89.00134810353138,21.659326864978443],[89.00668180920835,21.659346029032267],[89.01136168958048,21.664113299293113],[89.01631455898433,21.68563841202571],[89.01630037638263,21.691287695082604],[89.01289599142453,21.699186610890624],[89.00925378018988,21.7018901836064],[89.00462968879015,21.70300830963665],[89.00499338520768,21.70594933764483],[89.00846442965143,21.70872741610911],[89.00502917678354,21.7143976390285],[89.00242847588255,21.715744108741294],[88.99530772735642,21.71683973015036],[88.97738778552245,21.724425117252725],[88.97545099261707,21.723980339023385],[88.97446757273956,21.72124300729426],[88.98599519823314,21.71157711111156],[88.98962234921203,21.706349983657258],[88.99407257707841,21.68434150919575]]],[[[88.9986081053709,21.80999801082733],[88.99583299655755,21.805694270572154],[88.99296361943657,21.789599428211638],[88.99407850685759,21.787372925789974],[89.00353032335896,21.78217904014137],[89.00280568026702,21.77765121167696],[89.0008920773707,21.775620628567758],[88.99282276629498,21.781201754558136],[88.98759510583898,21.78178515135769],[88.97931409598678,21.779865047748352],[88.97471678067075,21.77633654331993],[88.96069252679682,21.77009205069237],[88.95684007025983,21.766454936958873],[88.956116054192,21.75966932301353],[88.96290644278083,21.75582644313099],[88.96752857226,21.746812602453847],[88.98083603162262,21.746841767451],[88.98133246400484,21.740958098747537],[88.97700647493888,21.728948806357668],[88.98815619895535,21.726266617120242],[88.99393714167628,21.722220304616208],[89.00565575349084,21.718570466892263],[89.01236990116323,21.714102217459903],[89.01155759687259,21.70552417349914],[89.0179557504657,21.70032397828809],[89.02131809606513,21.688132819805084],[89.02040483550964,21.67748633392344],[89.01657130288243,21.666607410853068],[89.01682194811804,21.660956406588298],[89.03224076101206,21.65896560113194],[89.03247240508281,21.656660347501234],[89.0214421426261,21.650558983287635],[89.02121741737967,21.647086372235435],[89.02394990831932,21.634943250781525],[89.02756033626089,21.63408370363909],[89.0291256641182,21.637558210584363],[89.0313829552557,21.63553620645806],[89.03525271424337,21.615009968840454],[89.03773657307195,21.610968552642078],[89.04157181070158,21.609536060157012],[89.05345523462466,21.611744083583634],[89.06237728136527,21.61017399646244],[89.07131221982856,21.611781760360575],[89.07543447008975,21.614960586662825],[89.07663038914266,21.62217464882898],[89.0851023466883,21.626512505883344],[89.09088613976361,21.63307748896454],[89.09306828682762,21.638273151569912],[89.09330928595372,21.644389585335368],[89.09280279872857,21.652181480243147],[89.08575325516337,21.668436517410115],[89.0792260522915,21.673544395346934],[89.07195014046127,21.675554093013798],[89.0721652348695,21.678271585958786],[89.07678228437575,21.681445794030274],[89.07641258811046,21.686669576752227],[89.07217670186412,21.69003844505527],[89.06332441739013,21.693190626775785],[89.0639282568393,21.69543839197656],[89.06682915494528,21.697495480594476],[89.07390351536849,21.69996478446904],[89.07434566615132,21.70360236598273],[89.06414814465789,21.71513888344118],[89.06340488398172,21.719661449265175],[89.06172351445095,21.721223887358178],[89.05398222859114,21.72233294459938],[89.05015514496937,21.728759861898794],[89.05467996175042,21.73184706240322],[89.05442481685351,21.736835151753322],[89.04546005522113,21.74494918682831],[89.02605434212808,21.75871949901406],[89.01881017047177,21.768631562846885],[89.01366721396057,21.780408354792353],[89.01120371904118,21.808214775200717],[89.0068410077447,21.81226960554337],[88.9986081053709,21.80999801082733]]],[[[89.01641680343334,21.874074956164698],[88.99944531904605,21.881683057215355],[88.99022021755947,21.890718250049474],[88.98196713363451,21.896141421814622],[88.97396856848069,21.894281230828216],[88.97289606626971,21.889888893272627],[88.9759346320913,21.882772212819063],[88.97623287456226,21.869423548677076],[88.97137909562247,21.862607361626807],[88.95825689761756,21.854366577463367],[88.95384022542027,21.849253044883223],[88.95155517993373,21.845616979105817],[88.95117951077013,21.838142270485843],[88.95619810631004,21.830022576800538],[88.9625215910384,21.828661746213495],[88.96854433148775,21.82982110020936],[88.97074387532552,21.82867810327918],[88.97850510198802,21.820569037280492],[88.97865306260015,21.812203959598257],[88.9722425993927,21.804280608584758],[88.95167732476125,21.794937077873104],[88.95144760667844,21.787234687627013],[88.95339455952971,21.785430895270764],[88.96600650726677,21.780268705141488],[88.97085059877453,21.78119663684889],[88.97858356353989,21.787105067748865],[88.99485757707596,21.816106715185786],[89.00368642091092,21.81825870059008],[89.01411246303283,21.817046001187496],[89.02328188064985,21.823162074483477],[89.02764893709734,21.83155660916455],[89.02810431377611,21.83822583648109],[89.02663735234074,21.843095490721485],[89.02106922140895,21.84714243029846],[89.01995244303423,21.852106307704044],[89.02445625810225,21.854366361520523],[89.02611092970277,21.861864505876007],[89.02492283946758,21.866601393101732],[89.01641680343334,21.874074956164698]]],[[[89.61737254822947,26.12456617269995],[89.61868614838124,26.126670363928206],[89.61516995730626,26.12751434307377],[89.61585609411352,26.122884800426643],[89.61737254822947,26.12456617269995]]],[[[89.61132960107615,26.13014856268992],[89.60634994301222,26.131497498692685],[89.60558809619283,26.13060858350478],[89.6099844808377,26.127626731863256],[89.61140898609611,26.128161265499443],[89.61132960107615,26.13014856268992]]],[[[89.62205484686636,26.151376051101614],[89.62251048315825,26.14822221968115],[89.62517793607135,26.148371015057226],[89.62218681836475,26.154599634779576],[89.62065268091244,26.154173379557637],[89.62120456629714,26.150806162403075],[89.62205484686636,26.151376051101614]]],[[[89.66505668837578,26.168631828501066],[89.6642627950569,26.17034993949244],[89.66102022812252,26.170237424144137],[89.66039667963604,26.16808622102906],[89.66415165818489,26.165871094469505],[89.66505668837578,26.168631828501066]]],[[[89.0754535979171,26.24754975289617],[89.08555775570639,26.2474825001973],[89.08569548540578,26.24940550338116],[89.07427131798514,26.250383686559655],[89.0754535979171,26.24754975289617]]],[[[89.07353391073134,26.28137301359718],[89.06967808012216,26.28285523878617],[89.07105297322407,26.27813458658571],[89.07308056873671,26.277966034282148],[89.07353391073134,26.28137301359718]]],[[[89.07735254929113,26.29458468325546],[89.07558024779576,26.29603801180557],[89.07550125444122,26.29343422319962],[89.08001343731614,26.291333034958107],[89.07998311288708,26.293122884077295],[89.07735254929113,26.29458468325546]]],[[[89.0687458660125,26.301988356480784],[89.06790459644385,26.304452027957165],[89.05965740367054,26.304165872728603],[89.05515044270237,26.305634756108905],[89.05393419118131,26.300631484430237],[89.05493736052034,26.298928104892585],[89.05929221155807,26.298339021849177],[89.05911771650909,26.29510943862381],[89.06279555492789,26.294849867122032],[89.06883527084112,26.298019928380665],[89.0687458660125,26.301988356480784]]],[[[88.48838883563427,21.907929195257395],[88.48595608375885,21.907453299279755],[88.47655065446213,21.89993318690517],[88.47655827576901,21.897684626016048],[88.48285474546181,21.8952304669157],[88.48478850924809,21.896603186742873],[88.491415714374,21.90364341880544],[88.49128176568367,21.90612778659704],[88.48838883563427,21.907929195257395]]],[[[88.51528948958679,21.937269323222978],[88.51335544193289,21.936108868957792],[88.51204718046887,21.92605720527883],[88.51418335534989,21.918353996108287],[88.51664615587157,21.91803572629035],[88.51980800468611,21.921455863048347],[88.52169706920215,21.92688439903634],[88.5193599259207,21.935904884817575],[88.51528948958679,21.937269323222978]]],[[[88.80204907294922,21.937415783088902],[88.7889353640237,21.94301940353477],[88.78699210594323,21.948230488989413],[88.77924740648534,21.944588391429118],[88.77464565439006,21.94480425493611],[88.7498757755454,21.958704809217178],[88.75005546016179,21.97545927538745],[88.74714138916049,21.978160618590262],[88.73767560026323,21.979495732108443],[88.73306139302656,21.982189729677813],[88.7277268752726,21.979893385459604],[88.72679332716473,21.972857717563954],[88.7280375225793,21.962241688859354],[88.7251707703356,21.951596991773087],[88.72543374854179,21.947088317381645],[88.72940901286294,21.93927183103683],[88.73664476820335,21.93399129840477],[88.74320511172266,21.931532750019663],[88.75820784923161,21.934989941142916],[88.78100097361549,21.93168205652443],[88.78391154118715,21.929901718705437],[88.78487741517054,21.927185894965948],[88.79217007339433,21.92496869546591],[88.79652383118234,21.926081208716365],[88.80256715832304,21.930637655180508],[88.80204907294922,21.937415783088902]]],[[[88.97478533021176,26.197558777847547],[88.97288128359342,26.198373445467933],[88.97241260017034,26.195718200961732],[88.97427975208166,26.193587593208203],[88.97598124746803,26.194604964876742],[88.97478533021176,26.197558777847547]]],[[[88.95060687699734,26.203349331170646],[88.9486449564168,26.202549411954223],[88.95028159254136,26.20185178825142],[88.95060687699734,26.203349331170646]]],[[[88.95766514679715,26.20484286035397],[88.9582525219238,26.20238042196427],[88.96142980738816,26.201363756585124],[88.96215710320513,26.204935078975662],[88.95766514679715,26.20484286035397]]],[[[88.95989021446711,26.212697042342253],[88.9653238550245,26.21418216911847],[88.95624605299002,26.21470363379294],[88.95416526014456,26.213380625448654],[88.95989021446711,26.212697042342253]]],[[[88.93066477445821,26.37527086048542],[88.93225440533722,26.376050853655244],[88.93024783848708,26.377847429091275],[88.92866125738847,26.377546456464803],[88.92879384692777,26.376161140767696],[88.92694142199723,26.37680612314425],[88.92593410154329,26.37434320841975],[88.92115903388702,26.374164417249247],[88.92446586180526,26.370492014079893],[88.93197120246074,26.366372138563186],[88.93540697365655,26.368815942212937],[88.93066477445821,26.37527086048542]]],[[[88.96490501013336,26.41325942133086],[88.96462738489649,26.410782555928275],[88.96709541091819,26.40842000180406],[88.96876272001815,26.409854090908745],[88.96842187674147,26.412845659802596],[88.9658997685464,26.41437271545394],[88.96490501013336,26.41325942133086]]],[[[88.95067694109791,26.412499204190702],[88.95116166124544,26.416752002255016],[88.95498832625229,26.41709951026779],[88.95667945867358,26.42220007881765],[88.95435508224894,26.425153180192268],[88.9499384235264,26.426816123838627],[88.94897934889141,26.423599603227238],[88.9504985141229,26.422213238447465],[88.94728382370842,26.41517246913135],[88.94793302718108,26.41255498082755],[88.94590543526174,26.411740314375002],[88.94558661687921,26.408602279250186],[88.94371079981866,26.40892161166193],[88.94329717324102,26.406904064745746],[88.94633040486644,26.405440261542196],[88.9494584653482,26.40111876051119],[88.9539780368663,26.40193804241803],[88.95457103364998,26.405115671116675],[88.95206953101092,26.40555851180359],[88.95174855846832,26.407171180502782],[88.95502189809109,26.407223221631327],[88.95067694109791,26.412499204190702]]],[[[88.97312824932965,26.41853329919638],[88.9693414758096,26.419907232950095],[88.96905244646021,26.421679363981184],[88.96787931856437,26.420650052491133],[88.96536851387053,26.42147145066778],[88.96648952690346,26.417716348329716],[88.97312824932965,26.41853329919638]]],[[[88.96523262841242,26.432132228472312],[88.96559666169817,26.429466540219142],[88.96930461793349,26.430516288092647],[88.96843686962357,26.4335841136154],[88.96523262841242,26.432132228472312]]],[[[89.04894289903618,26.30763526748282],[89.04780741773727,26.307558221216997],[89.04838482066592,26.30583349384717],[89.05296987487664,26.30624510103774],[89.05371297565272,26.309920943894884],[89.05018926118723,26.310125255520116],[89.04894289903618,26.30763526748282]]],[[[89.02045290795375,26.31409966670393],[89.02239164122014,26.315835551332675],[89.02009448285033,26.317470572429528],[89.01639267288816,26.316467819214072],[89.01720898546158,26.310978330491402],[89.01864034845887,26.31097399179796],[89.02045290795375,26.31409966670393]]],[[[89.03142552192541,26.317539024587003],[89.03397191876915,26.316820278941858],[89.03591183421845,26.32021952135813],[89.03272624293095,26.320795551477094],[89.02732110142598,26.318854726263417],[89.03142552192541,26.317539024587003]]],[[[88.997281124813,26.32002649775499],[88.99736736757185,26.31843170346312],[89.0007606942688,26.3167476706653],[89.00145828908754,26.318794967788968],[88.9992330228899,26.32216740842397],[88.99788088680909,26.32242505396694],[88.997281124813,26.32002649775499]]],[[[89.00567180548663,26.329809788186385],[89.00567248910455,26.324708499780755],[89.00809012233378,26.324476875565146],[89.00895885160404,26.32785063460932],[89.00567180548663,26.329809788186385]]],[[[89.01762638226846,26.334244151142023],[89.01280350806938,26.33949017776401],[89.00687404508588,26.34068478885674],[89.00535626146333,26.338901424142332],[89.00598831699553,26.336496392685113],[89.00845438828316,26.338598310914364],[89.01153150979674,26.337568261327657],[89.01114600408079,26.334807185043008],[89.00932879400771,26.33384755616156],[89.01028880738218,26.331165512615257],[89.0145529528307,26.331297268125],[89.01798387941218,26.333159017533315],[89.01762638226846,26.334244151142023]]],[[[89.06834223139575,26.306067193516995],[89.07005937094283,26.3053406958493],[89.07016255413131,26.308284070431373],[89.06853790512591,26.30808812474451],[89.06834223139575,26.306067193516995]]],[[[89.06470128498904,26.31285478971611],[89.064757294947,26.309132589889035],[89.06833516075616,26.30897088632076],[89.068569454857,26.3107453251902],[89.06470128498904,26.31285478971611]]],[[[89.07839852964167,26.32426183635461],[89.07555998898944,26.322827763073334],[89.0733476405656,26.325569266043832],[89.06999157419003,26.325907112831388],[89.06660097747321,26.32190124999525],[89.06326926981487,26.322578559029438],[89.0635205798038,26.324591627339668],[89.05700737088742,26.32525989569203],[89.05486747787947,26.322291845492337],[89.06341756100701,26.31971740165999],[89.06470652486212,26.31679001348776],[89.068741129196,26.316219301218236],[89.0697549642324,26.313164975891407],[89.07073284330122,26.316684249001895],[89.07181887953026,26.314639553299852],[89.07332469130506,26.314745599870744],[89.07543285402056,26.318051688991954],[89.07935971172432,26.318261171771095],[89.0801873888844,26.32082136966547],[89.07839852964167,26.32426183635461]]],[[[89.07598190162727,26.36771985604197],[89.07480447080123,26.36549340361065],[89.07716409981253,26.366227234448385],[89.07598190162727,26.36771985604197]]],[[[88.99829789913701,26.3440776882785],[88.99234880257467,26.345360408115713],[88.99038722425226,26.34308636262143],[88.99755007861242,26.34154024222346],[88.99829789913701,26.3440776882785]]],[[[88.98257365635142,26.35522658200323],[88.98611151209612,26.35484335584359],[88.986022197099,26.356829942565874],[88.98045594005288,26.35544052450378],[88.98257365635142,26.35522658200323]]],[[[89.05164609860934,26.371210274288657],[89.05180656466855,26.368228748765244],[89.05297648737545,26.368064175541267],[89.05265740668486,26.372262218135912],[89.05160968719596,26.372562555839643],[89.05164609860934,26.371210274288657]]],[[[89.04790531074703,26.376279308345993],[89.04769387877019,26.372959917875914],[89.04976863224195,26.372355879588362],[89.04960656628323,26.375673871765027],[89.04790531074703,26.376279308345993]]],[[[89.05492349053235,26.373190733576447],[89.05323812799016,26.37809926082205],[89.053392108213,26.373523726697293],[89.05492349053235,26.373190733576447]]],[[[88.98298693348441,26.395407053721964],[88.98187981020237,26.391987163541966],[88.98407398750467,26.390750506056516],[88.98566978891137,26.393990223168263],[88.98298693348441,26.395407053721964]]],[[[89.0124490050105,26.405856736157357],[89.01636869415829,26.404492452784005],[89.01739727683669,26.408663130592394],[89.01422749050833,26.408846026368632],[89.01373985802265,26.405948157743012],[89.0124490050105,26.405856736157357]]],[[[88.9868499236664,26.409257232454845],[88.99068514063477,26.405977012753954],[88.99261495542704,26.408294286421985],[88.99161384143338,26.41300578768454],[88.98633392328237,26.41366892376923],[88.9868499236664,26.409257232454845]]],[[[88.98442610373984,26.410073962441427],[88.98489208233558,26.413830167203123],[88.97998686047275,26.418913422699152],[88.97806999848856,26.418438379146306],[88.97850127785985,26.415787177472183],[88.97370266535998,26.413422570483096],[88.97389454999625,26.41194167287618],[88.97131304968617,26.412629013335557],[88.9748958939586,26.409824487819165],[88.97490146531001,26.405714020178912],[88.98197683723623,26.403026589761087],[88.9825353863237,26.40527535110824],[88.98011683501626,26.40919737345763],[88.98442610373984,26.410073962441427]]],[[[88.97727766913661,26.44119527145159],[88.9785021348526,26.44381120146327],[88.97693226331663,26.444915053054608],[88.9760766898737,26.442231854082276],[88.97727766913661,26.44119527145159]]],[[[88.14473984903368,21.85318881543449],[88.13293444469134,21.87344015879838],[88.12675701255344,21.87283436290172],[88.12399209782193,21.87111325735485],[88.12066016199148,21.866328794631865],[88.11613123092641,21.85363293692627],[88.10603956421114,21.845648967279367],[88.10387738040771,21.842226433921752],[88.08420882565241,21.79251797841229],[88.1018725958151,21.792882013111214],[88.1114615212799,21.790568232689022],[88.12180514926274,21.782861522712683],[88.13189919471687,21.76369475748955],[88.13627906832686,21.75991447742638],[88.13824302898136,21.75381882679406],[88.13766139139446,21.75001938165536],[88.12873104511895,21.738250165250218],[88.12793389001727,21.730664053023602],[88.13710530728413,21.717605632170844],[88.1395851254906,21.70969269929132],[88.14151386050784,21.70835203688896],[88.14223012950471,21.698779080689164],[88.1394731199477,21.692295599727657],[88.12770113742548,21.682917991103235],[88.12759709634591,21.680895589984218],[88.12822403507424,21.679543567023526],[88.13668720170651,21.678001510202176],[88.14906145521938,21.680647452626367],[88.1491555663218,21.692573222733742],[88.15152857843422,21.697579861382607],[88.15679287398412,21.70327904127422],[88.17077858833571,21.73790709644185],[88.16621001641381,21.754031556218564],[88.16514032772629,21.764660449916263],[88.16435384550853,21.79858572515529],[88.16711073918289,21.811932763596953],[88.16680930769267,21.81917711176228],[88.16528633450268,21.824149801512768],[88.15554676785291,21.83402763150464],[88.14473984903368,21.85318881543449]]],[[[88.08849543616958,21.880399376922625],[88.08787062824507,21.872879277361758],[88.08956190888837,21.86826910115818],[88.09422179994878,21.86702145116844],[88.09851646655743,21.877258406437686],[88.10213114981848,21.88112906370338],[88.1037350980465,21.889733540566947],[88.09839011312282,21.892400316423917],[88.09160963564649,21.89370606800822],[88.0892862770131,21.89256532020322],[88.08849543616958,21.880399376922625]]],[[[88.09848383166147,21.908242849558693],[88.09512788206685,21.905706671850478],[88.09541361190422,21.90143873089159],[88.09931734158268,21.899189638646764],[88.10659326509104,21.89791877266072],[88.11067923329624,21.9008673484645],[88.11090522067562,21.90381557738831],[88.10364831001026,21.908264366510497],[88.09848383166147,21.908242849558693]]],[[[88.11820261930914,21.90745384268648],[88.12141675725974,21.900579529335452],[88.12620598146657,21.898487270501604],[88.1300631056498,21.9001179506543],[88.13655276702761,21.906957458951116],[88.14152493853194,21.91574720550312],[88.14079524241654,21.921258744834912],[88.12957883465988,21.929306403406176],[88.12211030157488,21.93283416725778],[88.11478602534801,21.930984425132486],[88.11049628330376,21.923253296087335],[88.1117543100788,21.917398095282742],[88.11820261930914,21.90745384268648]]],[[[88.17476866318097,21.788873191330264],[88.17677527315024,21.780564109939675],[88.1799279663354,21.77922805286215],[88.18260677215704,21.780610664191506],[88.18177094458238,21.792833294146295],[88.17785618449058,21.79958083233598],[88.17530746190859,21.798874520490376],[88.17422087501228,21.79548268412234],[88.17476866318097,21.788873191330264]]],[[[88.35480094734956,21.797404959849338],[88.3599152395184,21.798649110311324],[88.35937175248328,21.80734776838248],[88.35312566749813,21.81686561255777],[88.35000262500556,21.826383456792065],[88.35163850385032,21.853895973905534],[88.33772920199341,21.85951151856265],[88.32901410463637,21.860126211786497],[88.31933505299571,21.856911150020352],[88.31452527174193,21.852118927635228],[88.30952139060636,21.83895979792865],[88.30426354765515,21.83056527664664],[88.28090064883602,21.821553055298356],[88.26888433174307,21.815170898234175],[88.26219766892511,21.805286778972576],[88.26307520438007,21.799271110593963],[88.26938879506389,21.79595922344934],[88.27543942101627,21.796444543364323],[88.28515983738083,21.789913005363502],[88.29128802297652,21.778417585317893],[88.29368624181579,21.782979238621895],[88.29860242312512,21.785031343132285],[88.31877741479995,21.783857735076545],[88.32413953418934,21.784813112493868],[88.3317105183359,21.797978640337995],[88.33815631767332,21.801613780900887],[88.34567120831863,21.801561987209322],[88.35480094734956,21.797404959849338]]],[[[88.17898016286229,21.842595524429456],[88.18020217977082,21.83941306087164],[88.18409106119596,21.8362870948145],[88.18896600893541,21.833360099878494],[88.19064903226459,21.834525556421728],[88.18743308690364,21.843557228830676],[88.1784018005329,21.852753467944243],[88.17667571017233,21.856343519519417],[88.17282897320877,21.854289874384317],[88.17357500608593,21.850002954145065],[88.17898016286229,21.842595524429456]]],[[[88.47709635764105,21.841115597879774],[88.48276807330825,21.839655679056158],[88.4865434687669,21.841566452555067],[88.4886040171791,21.84352328571647],[88.48965760356512,21.85226798714771],[88.48643824101285,21.865628443107923],[88.48351820968962,21.86786397708982],[88.48126346078438,21.87938619761051],[88.47615553677262,21.882305265669334],[88.47465706153875,21.889759222225102],[88.45158505876817,21.899814192005977],[88.44499513282825,21.90676677490711],[88.4324470957321,21.901958136180454],[88.42044019028836,21.90052541107275],[88.41531095015321,21.890313484794802],[88.3996384808707,21.87663325994991],[88.39846083983889,21.86826187736482],[88.40093004894183,21.862619691333585],[88.39830146433444,21.854448142963992],[88.39446886326019,21.849920950038634],[88.39456425985179,21.83362733604838],[88.39315675880337,21.82660183257151],[88.39833285686038,21.813538737606926],[88.39886856538341,21.806504596376925],[88.4020223176823,21.805624436398467],[88.40641318487472,21.80786106468918],[88.408873616539,21.811782778828647],[88.41352855967887,21.811336090386497],[88.41938064537702,21.81358391422926],[88.43044714946559,21.803217075729176],[88.43776875859433,21.803641712983264],[88.4545066468718,21.79631079053695],[88.45690417400832,21.796917571305688],[88.4572393525088,21.798920978714456],[88.44606823421549,21.807709607766128],[88.44554476344159,21.813131129054522],[88.44697800032455,21.817206755369916],[88.45300435559459,21.825397875861906],[88.46530212564586,21.83066653480362],[88.46648611686842,21.83768270375157],[88.46186885895305,21.841722748210405],[88.46231088756502,21.844891770171014],[88.46496309157618,21.846243096022594],[88.47709635764105,21.841115597879774]]],[[[88.16620967415568,21.866758603432306],[88.16274997453561,21.86601553417857],[88.16362215064163,21.86251581545909],[88.16837631090796,21.860349904350883],[88.16907294632597,21.862154801708353],[88.16620967415568,21.866758603432306]]],[[[88.27529056029223,26.33129228771488],[88.27559636657786,26.332611375584662],[88.27416852407818,26.330836429530425],[88.27529056029223,26.33129228771488]]],[[[88.08827603433953,21.974722473797005],[88.090686271739,21.9715295885701],[88.10086948576489,21.970455047635994],[88.11946370844097,21.982849960280955],[88.13481385501301,22.003547046914413],[88.13669667803445,22.0083168752938],[88.13544199658551,22.015084564923562],[88.1298240935971,22.017293632274868],[88.11942011140361,22.015191065240526],[88.09807272845148,22.00190271475559],[88.08934629166062,21.98778986611602],[88.08827603433953,21.974722473797005]]],[[[88.01482460061725,27.21170989137787],[88.01300097926797,27.20228381208246],[88.01509747735952,27.190432108520312],[88.013498117726,27.179702709045856],[88.0143618909908,27.175650072574584],[88.01940768661919,27.170201535105853],[88.01215664285098,27.163239249866905],[88.00891181485702,27.141031801913336],[88.0047861851337,27.14014636863683],[87.99962605732583,27.13407114648894],[87.99357043943542,27.130006541641087],[87.99090745114928,27.121765148776703],[87.99169625910534,27.108340618966288],[87.99590986353937,27.1033396643163],[88.00711153353544,27.10156383968977],[88.01172679539425,27.097715634548205],[88.01859261731417,27.087460486687664],[88.02180899476475,27.086932816929096],[88.0175613881989,27.074491601343446],[88.02986005746376,27.050766280023602],[88.03617891676673,27.043281015808954],[88.03984271631428,27.03544330351146],[88.0453106428711,27.036710159165825],[88.06060698664581,27.029937709939272],[88.07065787164382,27.031332229547868],[88.07618077868929,27.035057911874322],[88.07989615770379,27.034319172658677],[88.09108955062288,27.00618342108854],[88.1021723986597,27.000548601663432],[88.1106530707619,26.99018601208781],[88.11513904977994,26.987311953693943],[88.13064986722708,26.984088507586357],[88.13307441119576,26.982324140064303],[88.1230893394704,26.9676305674353],[88.12096239567724,26.950481480573984],[88.12321086356204,26.945991678252387],[88.13756061389432,26.932418043460675],[88.14383677267855,26.921195360714616],[88.14381053199081,26.909811281287386],[88.13844198785051,26.90054571686261],[88.1384426705701,26.89745181639666],[88.14522023121673,26.889172180355036],[88.15856617350781,26.880693562090038],[88.1647597393882,26.874450588989347],[88.16667401961423,26.869521235564726],[88.17146736978317,26.866721007479157],[88.17264470987936,26.853588331055526],[88.16614539161226,26.84873772665132],[88.16968217297189,26.837558570307586],[88.17404883775389,26.83286491925376],[88.17029772645235,26.829782025549918],[88.16995457270875,26.826065760405484],[88.17975034245426,26.814559943159647],[88.17840145018992,26.800232097966035],[88.18027101497611,26.797726435566688],[88.18201125559901,26.783881850267672],[88.1870866920385,26.77140087722113],[88.18754197169926,26.765050289418575],[88.18582440545241,26.757385663527067],[88.18730120613509,26.749623244401047],[88.18141685295193,26.719902500878813],[88.17679907401367,26.711380395949227],[88.17273517831333,26.70879720953892],[88.1668997581603,26.69942649893753],[88.16754139422503,26.683492072641513],[88.1641823113067,26.678629261983186],[88.1648154475122,26.668828956151483],[88.16280741101828,26.64638234525032],[88.15795398511638,26.64026166321028],[88.16021904308785,26.636768052469307],[88.15459917997546,26.63067335638722],[88.14514108604692,26.62854060853526],[88.14179568536868,26.624569884606476],[88.13854322349145,26.605558062972353],[88.13547809089366,26.60521538561958],[88.13013305566434,26.60080484241778],[88.13172625375333,26.592437123235378],[88.12957324174893,26.587390952409287],[88.13030381102678,26.58457136891799],[88.1275154646394,26.58143253319338],[88.13006995081224,26.579337982730216],[88.13019856800136,26.573289007234035],[88.12840954346865,26.573105598387436],[88.12550404509011,26.57754869299653],[88.12306092665628,26.576671521957792],[88.12501382006651,26.574700370201537],[88.12403190666373,26.572011119061838],[88.12083507835034,26.57518894604774],[88.11813100920796,26.574873279960013],[88.11881000440872,26.568054297214136],[88.11279750116036,26.572289864331033],[88.1114814899304,26.564464402700658],[88.11488097727354,26.5652461098204],[88.11074624312485,26.561462922841304],[88.11376284513774,26.558750540178814],[88.10972198583453,26.55658817515224],[88.10811463299159,26.5599551399676],[88.10555758841681,26.560409973418533],[88.10540160764585,26.551079975441777],[88.11336077089466,26.54839930606088],[88.1149791622358,26.541292535492865],[88.12018667258164,26.54069318416785],[88.12306033556482,26.536045050032747],[88.12784889591666,26.53272381478032],[88.13121753241802,26.526293912996326],[88.13493941613355,26.523466845548256],[88.13999444015485,26.52430126563704],[88.14596066130146,26.522234971347526],[88.1482898652724,26.524308371706695],[88.15030365996732,26.531893718798802],[88.15212180428827,26.532335649127152],[88.15630316549182,26.530105436517974],[88.16650133377223,26.53561039447128],[88.16793875680445,26.54170636968627],[88.16575869742518,26.54490563770416],[88.16597437034848,26.548248182813392],[88.16854943063626,26.55347985121716],[88.17139135075057,26.553599806402218],[88.17903208279077,26.544883187003],[88.18144516784967,26.545293689307268],[88.18156094541845,26.55400754702339],[88.18923483068248,26.559643005945198],[88.19884636494639,26.55833488965644],[88.20205771542466,26.554946914279007],[88.21836729146621,26.55342048347894],[88.2120094839075,26.554290893839212],[88.2123935936415,26.55561227296532],[88.22035088929286,26.556401823533218],[88.22110096818206,26.561057795223],[88.21689368249773,26.562888601889778],[88.21448666645686,26.567173736777445],[88.21577801084746,26.573276902909974],[88.2168969667384,26.574425564302604],[88.22105144406044,26.57407320257692],[88.23094373329165,26.57248010520767],[88.23278958974085,26.57104149850656],[88.2341293146977,26.56640978258109],[88.2330307730216,26.55640603327004],[88.23724885645561,26.55236529215726],[88.23541172893606,26.544801647774456],[88.21266096550772,26.5326925209473],[88.20830385341041,26.52425275530638],[88.19646922507526,26.52144625221834],[88.19026202276883,26.51209496640257],[88.18338071030017,26.509632846655006],[88.18258345638385,26.5042315074839],[88.18456717907631,26.503724534200238],[88.18499035564372,26.4998721851111],[88.18850039056407,26.495253408035843],[88.19442580034901,26.495284937182557],[88.1983446612501,26.484787875265674],[88.21391768703063,26.483121974341433],[88.220620554558,26.4864833065125],[88.21829625898175,26.490637318844733],[88.21964297193323,26.49321901652415],[88.22757862627105,26.49195299087446],[88.22935774148789,26.48485675571008],[88.22574478928037,26.480060013937205],[88.21695985779147,26.4809462272477],[88.21518541022085,26.477219801253224],[88.22430271836488,26.47419420416329],[88.23019994440608,26.46879105103145],[88.23465797593734,26.459852894586113],[88.24198234558895,26.456697802899388],[88.24086129752175,26.452179034310625],[88.24563943921292,26.446501060311245],[88.24660239726487,26.438578291873583],[88.25070305921315,26.43617857782105],[88.25090794157329,26.433118440640595],[88.2580013292125,26.432209558546486],[88.25906075734285,26.42938983253975],[88.26307006332168,26.429283895142152],[88.26192255807271,26.42439740082695],[88.26299999383122,26.422797338502544],[88.26695989606272,26.422799846043546],[88.26698010546164,26.421306332263878],[88.27336500171776,26.41903845475217],[88.26879782128626,26.418356565186322],[88.2613549144413,26.419947866262138],[88.2544437527524,26.409480871295973],[88.25269308089239,26.409669594038736],[88.25102451864265,26.407015629034596],[88.2469130751143,26.405404560912466],[88.24416839673117,26.398525881995656],[88.23729680133896,26.396177576073804],[88.23412624156111,26.391796343029235],[88.240049514254,26.38372767964734],[88.23830322168101,26.380867598319195],[88.24427622420967,26.377654005068134],[88.24457707448992,26.37576938471234],[88.25212301180974,26.373959881446257],[88.26270617376642,26.377824635941753],[88.26521535610286,26.381238916245437],[88.26831374972234,26.37782990568099],[88.27759874638048,26.37886099378114],[88.28330434829684,26.377969192334294],[88.28185402905044,26.374935009703652],[88.2826874428519,26.36905996085475],[88.2854554882122,26.36556052991363],[88.28744632196843,26.3580439398949],[88.2908889553947,26.356217628955775],[88.29621395100668,26.35926137112641],[88.29756326547918,26.357311218626766],[88.29606279598538,26.352968630008235],[88.29959689317894,26.351880854601383],[88.30038590056095,26.349999583755135],[88.2975764734088,26.347637380960894],[88.29620734299942,26.349545673257026],[88.29239565021342,26.34993159513933],[88.29099009222095,26.347650637638555],[88.28554425972855,26.347450090379297],[88.28416278467057,26.344494673124654],[88.28470995749328,26.341437048293923],[88.28721566245126,26.340294618487043],[88.28640357195967,26.33179486685744],[88.28540538018562,26.329625268159738],[88.28293753742025,26.33012663881075],[88.27822055662688,26.32556133370812],[88.2755760736356,26.325979267704405],[88.27485234233369,26.32980404928893],[88.27426446774376,26.32870305329746],[88.26966737790487,26.32884058034474],[88.26849149038448,26.33252368880404],[88.26492042212709,26.33486364165123],[88.26276499634952,26.33101125649497],[88.26186816238732,26.332099530820805],[88.25979668956296,26.330971375269257],[88.25686667705861,26.33199834123642],[88.25532171041556,26.334161659233942],[88.25324634249611,26.33441202504873],[88.24977175689348,26.330910463684976],[88.25217297610584,26.32991157225169],[88.25198476737572,26.328458719244555],[88.24905540794657,26.326625971973023],[88.25408071929155,26.325805728625046],[88.2492131179745,26.320376800029273],[88.2506750443527,26.318404194628183],[88.25032162376374,26.311396071505754],[88.24475335269476,26.309378696830436],[88.24096097548397,26.30060875337888],[88.23560277364753,26.302969779212173],[88.23105178714562,26.30122199251406],[88.23209171644437,26.292471390062417],[88.22974760043972,26.29119101039499],[88.22981380088626,26.287564206464236],[88.22767951875556,26.284868681372956],[88.21668223075794,26.279989473785896],[88.21362560071432,26.274135425737455],[88.20511441913014,26.277590397858543],[88.19979942086896,26.269890176907722],[88.18569326938723,26.270853099181636],[88.1821995568556,26.26622422545106],[88.17995282990583,26.256717952338885],[88.17660747594002,26.254061529114146],[88.17323217304092,26.253645600563818],[88.17015300067354,26.256233387897737],[88.16737051848831,26.25306654841893],[88.16448916951954,26.25285483303177],[88.16271476596638,26.255267610850023],[88.15764555036023,26.25604011035218],[88.15513978072356,26.250830338884764],[88.14596185246751,26.25021412393669],[88.14266066956249,26.24322092719781],[88.13849628022962,26.240608658513015],[88.13828997853136,26.232695545243956],[88.14318832289239,26.230607609931745],[88.14145858177852,26.22971126411803],[88.14193402412583,26.226402339462517],[88.13208065889584,26.226278274180274],[88.12979991544123,26.224801034736718],[88.12668380345104,26.228012136508987],[88.12579192190098,26.22591153147467],[88.12271701293795,26.226331904359686],[88.11642346905803,26.22379670785198],[88.11596731623484,26.22173852507291],[88.1182609262593,26.22038302225841],[88.11775283015143,26.219205877406118],[88.11215085249636,26.217105078686185],[88.11299249306919,26.21513391723426],[88.10616613413974,26.213670392564953],[88.10434734842167,26.211073750599397],[88.10505001602677,26.208818877310964],[88.10211636265059,26.205807359696],[88.09598993954948,26.205065348122066],[88.095216732635,26.203085279569784],[88.09267004114385,26.202948081439654],[88.09031745402606,26.191802100572115],[88.08657781780393,26.191681712007348],[88.08331872635989,26.188538464104994],[88.07845911915052,26.186994439819795],[88.07704915581994,26.18446180285246],[88.07868797125735,26.180666460960893],[88.07731980384197,26.178515316470833],[88.07375733066525,26.17718702925092],[88.07324906747074,26.175170820813452],[88.06888884360933,26.17481301823721],[88.06870976805068,26.17764634546903],[88.06665664421432,26.177508293462115],[88.0585020623569,26.170792756692776],[88.0572090893207,26.173044137619815],[88.05027857342898,26.17250014225639],[88.05062317705344,26.176360230344176],[88.0491631595952,26.176976697829183],[88.03480921413053,26.179159584451178],[88.03179803524702,26.175797629924233],[88.03333797222284,26.173283343144362],[88.03215982454118,26.170458201087573],[88.02777101449077,26.170593941936335],[88.02741272593127,26.168087281236875],[88.02179501608062,26.164588652598294],[88.01985754943877,26.16081051819364],[88.01484062386697,26.15890402277191],[88.00923669237613,26.160364254071602],[88.0091152158952,26.156853351376487],[88.0117201460645,26.15221044880961],[88.01414215947904,26.15100384892598],[88.010455242686,26.14541568464955],[88.00582309429647,26.14677866656107],[88.00321145820358,26.142456647301774],[87.9983186411765,26.139681139248996],[87.99424119798336,26.145367801510112],[87.99245826762149,26.151088561021137],[87.9865078047216,26.147113366692164],[87.98731762337381,26.14555239570666],[87.9854748616208,26.142569113642754],[87.97967348851535,26.1442251023271],[87.97514832678124,26.1430977573785],[87.97385642633347,26.14062370259586],[87.98057425889515,26.139009933328555],[87.9794828507407,26.130596688426003],[87.9819134439645,26.127358662443957],[87.97942851524242,26.124740133275626],[87.97531569729172,26.125658182418444],[87.97780954179298,26.123539309890795],[87.96958082556843,26.121034474318073],[87.96892180530632,26.11930177702429],[87.97131250524666,26.116474748960062],[87.97557102095334,26.118078539153494],[87.9825949212104,26.11600786477572],[87.98543793726937,26.117463096206254],[87.9881303426861,26.11263306818362],[87.9865781994022,26.106419620305363],[87.98876375467438,26.105203632737748],[87.98516190654212,26.10359328258218],[87.9843744748051,26.1017619771799],[87.97720639494491,26.100475044419053],[87.9755507118414,26.10132913033795],[87.97247275758954,26.09818898571027],[87.96905089770421,26.09878816742068],[87.96420246913027,26.095025296599612],[87.97059862397187,26.093502942079354],[87.971040975079,26.089662487201657],[87.98098731504258,26.0848343194672],[87.98150416163959,26.081975799138693],[87.98460215640713,26.080184187937345],[87.98231060891456,26.07272806091348],[87.9729863307257,26.075587220184303],[87.97104177098633,26.074433562184645],[87.96939310731847,26.075476146615166],[87.96658634097615,26.074808800082675],[87.96501670030719,26.073124519219807],[87.959813320415,26.07589199538875],[87.95810718253523,26.07333006722132],[87.95358991339918,26.07532516456281],[87.95127505911658,26.070616705943397],[87.95465422387309,26.07158714002496],[87.9556493407139,26.069940733992734],[87.95362741446905,26.065861086424285],[87.95103390907352,26.06638153072613],[87.9503327524347,26.06093303672231],[87.94881355666047,26.060130582381444],[87.93506703312634,26.064212745505984],[87.93656694566464,26.0692434238805],[87.92990318359821,26.071459847026073],[87.9310285238159,26.08228633383608],[87.92664620139846,26.083946731648997],[87.91900282381978,26.07662532023087],[87.91368611516634,26.07814514694944],[87.910981279761,26.074021483674205],[87.90641866097448,26.07437362248205],[87.90115686543601,26.06491257905619],[87.89727583528646,26.066918181719334],[87.89355220704269,26.064038681181806],[87.89032280491881,26.058860342914176],[87.89187290453542,26.058425728250256],[87.89292047580231,26.052651881716837],[87.88939351482537,26.04702104571337],[87.88534470004201,26.044728989249528],[87.88623905555235,26.043361507870465],[87.8838084057347,26.04355822594651],[87.8796526258555,26.03929833904782],[87.87331032771014,26.04135055278543],[87.86473066934848,26.034352196132165],[87.85543328941415,26.035109826235725],[87.85362733343494,26.03043888025727],[87.85537879581238,26.030350580781544],[87.85678365132229,26.024651879552632],[87.85370516167454,26.015925259700957],[87.8514737581869,26.015545655547207],[87.85477330256481,26.01401954354501],[87.85453456180332,26.011057618231376],[87.85157691173096,26.00537475484504],[87.85106078288786,25.998118530632023],[87.84701356351243,25.994162438114977],[87.84755136061852,25.986962845931018],[87.8456529697932,25.982236729901917],[87.84634633175033,25.97889052636031],[87.84859552277891,25.976801989328195],[87.84635793169558,25.974252575343087],[87.84808483323482,25.96956594205504],[87.84622276039813,25.967510329391157],[87.8466179167152,25.96362274068818],[87.83736958569374,25.960015733755117],[87.83889224716829,25.954130822632056],[87.83453515842719,25.946338201194433],[87.83489424289404,25.94446017281426],[87.8383603618751,25.944214191697487],[87.84074794466142,25.940588731009235],[87.83723293037944,25.936187449693424],[87.83731580355767,25.933679477023187],[87.83962503887817,25.933920910917852],[87.83441909788911,25.93032004032771],[87.8209372081562,25.936220075862952],[87.81872161501754,25.932931657159784],[87.8143165409689,25.931601577065944],[87.81330185073638,25.928487856461633],[87.81079751391256,25.927962965080283],[87.8106422104713,25.92136437387993],[87.81463051922871,25.916149756379532],[87.81002941122553,25.915789119030624],[87.80934772467215,25.91267531684549],[87.81197577657859,25.9097869460417],[87.81544857722871,25.909110761094468],[87.81781754422741,25.909284533820784],[87.81872421384367,25.912375495256555],[87.8221919372158,25.91274492034103],[87.82546489505458,25.911074888907656],[87.82415454949911,25.901671942359215],[87.82231755043863,25.89965170188053],[87.82955368307147,25.892749681549102],[87.82433745727072,25.88705471460294],[87.82583112921277,25.884057919525855],[87.82464592616289,25.881637039203813],[87.82821546369101,25.879775959115214],[87.83073127110269,25.870850971648483],[87.84770882989793,25.86852391590711],[87.84963799880151,25.86942428405074],[87.85782227626726,25.864794008355553],[87.86178355381944,25.864790256099436],[87.86439325763618,25.86750603224593],[87.8670831405836,25.867124543776324],[87.86785899034166,25.868263655328185],[87.87208376532625,25.8654968696205],[87.87465155015857,25.868194608387494],[87.87583273324755,25.860457621415485],[87.88112977508452,25.860840955053508],[87.88302477297299,25.859406697529582],[87.88591639238041,25.859913324217786],[87.88838137311328,25.86448806086787],[87.89234484794466,25.86579254397512],[87.90222319083111,25.861109173236077],[87.90148526345276,25.857409645761177],[87.90588124385576,25.85749408727546],[87.91259437733018,25.852468934517493],[87.91570254192501,25.853398133867888],[87.9085219224818,25.845069777686053],[87.90416480050304,25.842938629186918],[87.90930438114539,25.84022668852649],[87.90305337608743,25.84074044339691],[87.90575062791514,25.83707438354762],[87.89866013015614,25.838022850178344],[87.8988932438707,25.836540586513255],[87.9041587790957,25.834116466531366],[87.90344422408438,25.833074468565638],[87.89847829946456,25.835091233306727],[87.89772361760784,25.836894048554388],[87.8952742558828,25.834077645421537],[87.89336796886614,25.836527024387912],[87.88915880660117,25.829780675285004],[87.89549800825378,25.82720431089577],[87.89650724122095,25.829505801069665],[87.89847504486826,25.829797906650526],[87.89807451213423,25.832072920522265],[87.9004561031576,25.832050013458083],[87.90284490136449,25.830019248334867],[87.90567418038613,25.830608495194586],[87.90384637468426,25.827246846469727],[87.90063324015186,25.82792108401399],[87.8995706715113,25.826507415029106],[87.90117097886744,25.82436754375876],[87.90034244201965,25.823233265357107],[87.90158951833136,25.82238566118619],[87.90297007800606,25.823687898218154],[87.90612301643131,25.820390736186148],[87.90999771884798,25.81999768511144],[87.91767400800376,25.816177243730326],[87.91614798144013,25.81140037358967],[87.91078559794603,25.815010729400445],[87.90855797007752,25.81512403581474],[87.90937012704443,25.812908381050125],[87.90800779778009,25.811662864307443],[87.90416017777257,25.81357776326505],[87.90012745810415,25.807107777294583],[87.90711355455915,25.807157253254584],[87.91030713366614,25.80370793648691],[87.90526645304497,25.802598884983237],[87.90720488537573,25.797034724835104],[87.90617970461734,25.794445704475184],[87.90761993129152,25.791535741729216],[87.90735234652458,25.78548449858769],[87.90987428583637,25.780856460288422],[87.90871244976364,25.77954599670759],[87.9073922550794,25.782645640500686],[87.90606352280668,25.782126260147614],[87.90298985711199,25.776119880041996],[87.90438759976148,25.77252722802519],[87.90813875418219,25.772043006926484],[87.90963305584324,25.770010524884764],[87.91029873082499,25.77203088869321],[87.90849941249739,25.774372327604063],[87.92031100623208,25.774944902283575],[87.92226923383845,25.776899358844773],[87.92487887297648,25.775866303544824],[87.9243397292958,25.777185046681065],[87.92584143307478,25.777010708496757],[87.92783316604464,25.776028743997813],[87.92893132773338,25.772842426566584],[87.93687312205618,25.768524275452158],[87.93512458100005,25.773406813950093],[87.94198831164195,25.774328019256224],[87.94240353991574,25.770589502580474],[87.94505937312064,25.769866900248502],[87.94563928324723,25.76034390924796],[87.9503831991261,25.75832961021515],[87.950148901432,25.755270665339342],[87.94720244885966,25.75124797699951],[87.95019485475036,25.753221025008056],[87.94999163696848,25.748886796651657],[87.951425063396,25.74693546980899],[87.95614833419296,25.745486499989877],[87.95848751844673,25.741141420045178],[87.96325081996942,25.73915358909656],[87.9657764666284,25.735134006999356],[87.96831609825969,25.734299577599902],[87.9678970126201,25.72605595971589],[87.98385914097099,25.72058482345741],[87.98486415365299,25.724416326070767],[87.9914611825719,25.726578820798352],[87.99325111350475,25.726140120137647],[87.99376149492669,25.72360115459705],[88.00060477542114,25.722902307343475],[88.0021894889223,25.716148883129176],[88.01024772017726,25.71348081062876],[88.0126589654865,25.710756995524125],[88.02152518462715,25.710299479100403],[88.0186533578004,25.699616549176923],[88.02103166637971,25.69637442859878],[88.02684599947979,25.698978514073623],[88.03233930793496,25.704316111571273],[88.0381086192696,25.703798625972915],[88.04409118705941,25.700276699067217],[88.04616125042709,25.702432703007634],[88.0496952568908,25.70224962411259],[88.05530256245383,25.691518926350202],[88.05450815709527,25.68659565932176],[88.04869923903976,25.681957743674786],[88.05120006614574,25.665412515592028],[88.04697744801615,25.66118115686402],[88.05070397063177,25.654312570146317],[88.04954636831897,25.653260064857335],[88.04597302373068,25.65499042211755],[88.04444136742515,25.651947364944892],[88.03800799717798,25.653666583479346],[88.03600483314614,25.64884203114662],[88.04123316105039,25.646877247997555],[88.04527580350943,25.642278598457516],[88.04851272004069,25.642418886721114],[88.05414518382157,25.645515000218488],[88.05520237514685,25.644767114095075],[88.04777713367196,25.638837764371424],[88.03973810300788,25.63933128879917],[88.03443076018957,25.63059642997043],[88.03514215223271,25.625708278875166],[88.0428392328957,25.61845624674729],[88.04266452674263,25.615862310031673],[88.03792506740591,25.615570766395056],[88.04372569311303,25.61042030625237],[88.0423011528203,25.60870593703234],[88.03087715068969,25.607287997435453],[88.03288967516679,25.60405455359504],[88.03960693729829,25.603780522347886],[88.03967282513113,25.60087361152067],[88.03318161146449,25.599568990397675],[88.02659358096979,25.603186600174702],[88.02485927821088,25.601713923483953],[88.02488779073802,25.598288180496883],[88.02161105458515,25.596152099303378],[88.02316334519274,25.58861126247328],[88.02178081910587,25.58824434018998],[88.02496598549023,25.58643970630938],[88.02447132728074,25.582632071658164],[88.03442067570218,25.582764219721852],[88.03522166840672,25.581077324503962],[88.03115145665163,25.576116867881133],[88.02705319500174,25.575388069889897],[88.02085958690053,25.57052095441204],[88.02233530421499,25.569020646610536],[88.02771429935532,25.569235333764624],[88.03155158514376,25.566517597019736],[88.03624132272952,25.57514822752795],[88.03955523206714,25.574271340646494],[88.03985784214701,25.572904175509233],[88.03495177317288,25.570102548126254],[88.03457373335523,25.567183911715393],[88.02870521208062,25.561434903222743],[88.03108595509435,25.558395506122917],[88.031440303643,25.554148183706296],[88.0365444735952,25.55074486637469],[88.04076304032286,25.552968667133577],[88.04610644151667,25.550145967334206],[88.05218464844323,25.549196262769378],[88.05424385117911,25.541195039796175],[88.0624140179084,25.536471059714422],[88.06500392824617,25.531966305939413],[88.06488410376704,25.530069397051193],[88.05994384491319,25.527733062203463],[88.0597402112113,25.52644225171287],[88.0693593847484,25.52612937256337],[88.06542585885028,25.52315438546625],[88.0717849644746,25.51458727849734],[88.06654143438081,25.50957351031488],[88.06841578898405,25.50740655297331],[88.07510786774486,25.50850090340389],[88.07701257103169,25.506816203480497],[88.07375458092217,25.507179421042725],[88.07191143828345,25.504053626512746],[88.0732085983672,25.483682677968787],[88.06665368336715,25.486586846222643],[88.06525661355579,25.48935804959],[88.06191794575064,25.488370444813572],[88.05366765828114,25.489960359319486],[88.05165404684256,25.489441316187587],[88.05037006234906,25.485552843915286],[88.04600675277463,25.4879564437058],[88.0385389841559,25.488997669741213],[88.03685720319676,25.491479694700214],[88.03058447687519,25.49065507434405],[88.01960029619592,25.501189888433714],[88.01708572217113,25.51160966471625],[88.01351458474346,25.514095451954084],[88.00195293106692,25.514376549446627],[88.00758373655779,25.49640716265121],[88.00014540213768,25.49823411831613],[87.99714318305081,25.50028295622739],[87.99406744045119,25.51419792496882],[87.9869217466079,25.518166218185673],[87.98412691977404,25.52410776259228],[87.98483969432442,25.525558993503434],[87.97938786198424,25.52469128334212],[87.97413525800776,25.52574027940211],[87.96887979020218,25.529918616677108],[87.96921394102998,25.532016890003597],[87.9661899566621,25.53630628413769],[87.96434059768164,25.53589427206523],[87.9591633749339,25.538731661375287],[87.95484082461887,25.535966888825627],[87.95198903381618,25.538136333575263],[87.9500349896641,25.536858465343986],[87.9463542532802,25.53787200529169],[87.94661072588707,25.534973795616857],[87.94450761619503,25.53448237361532],[87.94088756190689,25.536552687113275],[87.9374155751304,25.534797522463762],[87.93728753915126,25.53631185350174],[87.93231335452238,25.53842408445471],[87.92709001855617,25.5390402198844],[87.92398752682233,25.53454162407431],[87.91572868828968,25.533798997616973],[87.91719201693805,25.528426806469778],[87.91594726097472,25.526976737823883],[87.91269938589532,25.52727659779704],[87.91312340508243,25.524577731350377],[87.90894342728447,25.519281971289008],[87.90844468533365,25.514610503648377],[87.90684234598834,25.51463402956737],[87.90586371323296,25.512297052076267],[87.90848248554252,25.509140860563228],[87.90427833587685,25.508253677473874],[87.90274370524943,25.50479236290561],[87.89718049439043,25.504015716111926],[87.89680486205773,25.510104539975433],[87.89324169178833,25.511525653020993],[87.88966940182216,25.518069891112482],[87.8839857825791,25.52057094400913],[87.88220042227442,25.517110601484262],[87.88544202262158,25.509348967131995],[87.88122123615686,25.505401097633268],[87.87418838239132,25.50473959854551],[87.87041652988815,25.498702114300112],[87.86614221820555,25.496997964665198],[87.86412854927478,25.488775465600263],[87.86507605540552,25.48124688708724],[87.86364749605026,25.47939822854053],[87.86877560071487,25.469455988307],[87.86426560254273,25.464398529094982],[87.86231921742674,25.463211389899612],[87.86290877366288,25.46948095693724],[87.85945887735754,25.47125676498435],[87.85514355578557,25.471475438788115],[87.8535334190636,25.467190942083885],[87.83918495422046,25.467975205531364],[87.83898316475988,25.46155271158537],[87.83057342453084,25.46191942211959],[87.83034296982953,25.448910974873275],[87.82882620579483,25.44599436861792],[87.8270569900124,25.447476934678726],[87.82581046796123,25.446864404050196],[87.8259720551179,25.438213502126523],[87.82138031025492,25.43591963768889],[87.81427080234793,25.43499267119583],[87.80271451610518,25.444059908974516],[87.79739624168819,25.444538579208395],[87.79355635797191,25.447570817528163],[87.78704738820538,25.449283577170064],[87.78522651570087,25.437165537330177],[87.78052180230105,25.430740125908855],[87.7756207126885,25.431065935971755],[87.77343888722137,25.42884143751314],[87.77687831815363,25.424194133892602],[87.7789356892247,25.416666476713985],[87.77864404757442,25.410398905021676],[87.77376836501307,25.40999084951147],[87.76913388369876,25.416505430649412],[87.76772056875384,25.416902568280186],[87.76662173961684,25.415081141272896],[87.76737082766427,25.40819029749976],[87.7704973403488,25.405093817670238],[87.76653949076773,25.399106872687756],[87.76485907704442,25.383899550895528],[87.76667246298936,25.381059592843318],[87.77612038709056,25.376927117604062],[87.78951558850025,25.376870637534374],[87.78739859804045,25.35186154573183],[87.78420365079924,25.340132977490125],[87.78879061482832,25.336372921091936],[87.79277812228847,25.32960738209385],[87.80837405960033,25.327621850006732],[87.81756267421498,25.321652129597766],[87.82760118222502,25.31173050351899],[87.84713781578759,25.30437414449117],[87.85236493276282,25.295194612500186],[87.85342071822467,25.290031019176187],[87.85132502322696,25.28011852060281],[87.8463708476727,25.27649730055272],[87.84524701392981,25.273603979670487],[87.84660861466043,25.264557619430235],[87.83426550843342,25.258739099191992],[87.83135302475522,25.255513988406157],[87.82950754559847,25.24916360728134],[87.81849243951719,25.241959472988167],[87.81358574890888,25.247210989328625],[87.79882024568668,25.251388303130245],[87.78854127933634,25.258420700342626],[87.7728953956947,25.260818361020164],[87.76278592616711,25.26559880211728],[87.74289479763051,25.264148268364004],[87.7113681685111,25.257683806627348],[87.7786681323055,25.250543539839658],[87.7777639034119,25.23489883789404],[87.77317949688644,25.221187866358154],[87.7727634592306,25.207229193427743],[87.77771129627222,25.195756836240136],[87.78173847333532,25.176914192036712],[87.78206124520344,25.16238766541117],[87.77921999972389,25.14362648163881],[87.78892158021358,25.134774607898052],[87.80071436053125,25.11776126671249],[87.80158809521423,25.104256144492155],[87.79534972316411,25.091990288910107],[87.79572792827175,25.087319541451294],[87.83514823435411,25.058973058162145],[87.84841500811919,25.053524667909546],[87.87667031343533,25.034369633472913],[87.89278863366131,25.01412685860038],[87.90288703774121,25.007356233184478],[87.9056440455016,25.003600948331048],[87.91082209829266,25.001654844654116],[87.92276420376338,25.00055174869799],[87.93987633378143,24.9913690333563],[87.9440061262978,24.985942780375012],[87.95376361433746,24.978042179110282],[87.95753385975459,24.971091736348075],[87.95906494203665,24.951395696037135],[87.96228739209855,24.93783846183846],[87.95964003988827,24.929791447834454],[87.96102462850703,24.921908051724305],[87.95243188528495,24.908119670720378],[87.94572536161441,24.902518296540997],[87.92363042583567,24.889833622997106],[87.91531312045272,24.88296752990123],[87.89737278147193,24.86078920226303],[87.89674226116053,24.857090434407397],[87.890750420062,24.85518477925332],[87.89966907027255,24.844412004908914],[87.89937572272159,24.83670163368177],[87.8967166043777,24.83573336383789],[87.89667318969835,24.829728235462824],[87.8977698889298,24.828114271140624],[87.90162422653897,24.827458866369362],[87.90025641216153,24.823042122750696],[87.89631359049685,24.822397600161274],[87.89101602314545,24.826005378913383],[87.88847719640464,24.822444376049756],[87.88622465555834,24.82293641825598],[87.88729781084454,24.825363811727712],[87.88536316491268,24.826909046813565],[87.88464717978347,24.82234065717276],[87.88283737991313,24.82247780020002],[87.88477855659714,24.82828199153842],[87.88318909460138,24.828797158011263],[87.88164435882534,24.823080846310294],[87.87744638687388,24.8213084966599],[87.87559955305768,24.821806951847726],[87.87567061698317,24.824876967776035],[87.87205525010418,24.824356272684607],[87.87002976024259,24.82619225759633],[87.86897597173561,24.824076180724745],[87.87109167490962,24.819584718463148],[87.87536993828117,24.817311059014553],[87.87440178527193,24.813298129766768],[87.87628008258096,24.811670589518886],[87.87483115392659,24.806829681654943],[87.88026944416386,24.804991562857673],[87.8816220168259,24.799005319800134],[87.87850466156739,24.79465291096915],[87.87851453225574,24.790444497425455],[87.87472069528263,24.791125986096645],[87.87504262183604,24.7947002200678],[87.87304622032167,24.794973766317632],[87.87142771219952,24.79412530793334],[87.87169324072278,24.791080491002397],[87.86858247101361,24.78900347285893],[87.86740540041198,24.778643914454115],[87.87027757309015,24.778192853146198],[87.86864823128568,24.774337254187586],[87.86513423389661,24.773870104187537],[87.86423093206434,24.771706017076973],[87.8622332980614,24.77286811477014],[87.86340684457215,24.771613248366577],[87.86097757995665,24.766443590913553],[87.85431881521816,24.761758700007928],[87.84533362230296,24.765628974029706],[87.84342441576163,24.76942356693814],[87.8420624637897,24.767625695994504],[87.83982065152286,24.768288342990367],[87.83656405649698,24.765868583763506],[87.83519870979157,24.767266939261855],[87.83595137133723,24.77772936183125],[87.8396280733872,24.776674531582938],[87.84134241288552,24.783623309188243],[87.84091538883375,24.789224797082277],[87.83612183654387,24.789856675187956],[87.8321435332221,24.786640059022794],[87.82979433275293,24.769617891512937],[87.82776153779143,24.768834481981873],[87.82825510814112,24.77167643566436],[87.8228342362372,24.77008077689176],[87.81770027815021,24.760942703184593],[87.81900377584827,24.753925226909878],[87.8224020316012,24.752554450476435],[87.82925075229304,24.753338461940764],[87.83666820267943,24.746036498538793],[87.84230332547358,24.742880237491217],[87.84280136673846,24.740484269987522],[87.84855476531615,24.740253075880357],[87.85996293104661,24.734074266477982],[87.86302513244163,24.735068069561798],[87.86567748108153,24.732551282896203],[87.87457650849298,24.732562753822],[87.87872544949794,24.74183113636519],[87.88270702358564,24.741347143162233],[87.88517989961156,24.740059194894993],[87.88483740882465,24.737389592712617],[87.88842418502307,24.734389086485148],[87.88791387816133,24.728230886099418],[87.89012472011044,24.724912539028267],[87.89790312076455,24.723159253688532],[87.90441690909428,24.724285032148536],[87.90402346676277,24.721840092575857],[87.9077963990409,24.72131161802004],[87.90601161545463,24.717881722384213],[87.90710791403747,24.713639711568835],[87.90305569284254,24.713790617193062],[87.89953529855036,24.705484085859133],[87.90263670781425,24.705610894887187],[87.89835680681394,24.687208578758632],[87.89669226272845,24.68821642985708],[87.89379648322297,24.684519262448607],[87.8897717522724,24.682610517022656],[87.88858144140177,24.679208766391714],[87.89188837082965,24.674203459115354],[87.89748702471819,24.67201522214076],[87.90365474966113,24.67223656195955],[87.90948454905542,24.6693657365435],[87.9086615413382,24.667602392478475],[87.91705794697513,24.665761519154064],[87.9183561652743,24.662222557388276],[87.91574922916698,24.656361051226348],[87.91154161380094,24.65463279616164],[87.91424937322253,24.637069839567705],[87.91141731661001,24.637556641773124],[87.90984764629661,24.632292199773094],[87.90578101881951,24.631449821891916],[87.90567049280189,24.614788666914365],[87.89141597197458,24.61340183154383],[87.88563552422535,24.615964570586208],[87.88544085840498,24.614972382328002],[87.88284558332833,24.615375921870775],[87.88234657637452,24.6168009923088],[87.87779792459403,24.618232149419406],[87.87635336534521,24.617897372408272],[87.87713207354248,24.616240237790187],[87.87560931954147,24.616041410017978],[87.87517845609017,24.61375004698963],[87.87667630968984,24.61181775847805],[87.8779601809956,24.613182918372896],[87.87882663752816,24.61137171177456],[87.8816995629945,24.61253794519195],[87.88548842150433,24.60772937090332],[87.89193891184416,24.606363669613174],[87.89211334311277,24.608674512884207],[87.89034014330208,24.60953048496611],[87.89125375509887,24.61151693924931],[87.89620576212002,24.60994901491783],[87.91145615257636,24.610283433434383],[87.91042027917112,24.601630182186767],[87.91209361057672,24.60013793930215],[87.91115453962648,24.598027121565107],[87.91351114401022,24.596769924558235],[87.91123867763261,24.59394797820784],[87.90881903577042,24.585771627018524],[87.90078283300285,24.586233141742728],[87.89908830135654,24.585387607647085],[87.89833393211356,24.582095852931804],[87.89254317260317,24.581382982024785],[87.89188665684408,24.565634789948398],[87.8688400189039,24.564297447203767],[87.86887923665425,24.558535462320297],[87.86526334515915,24.556822383685706],[87.8596975291858,24.557260647766974],[87.859066480665,24.558835590977807],[87.85455264938159,24.558644532059045],[87.8545455571824,24.560495964388743],[87.85218723701648,24.56074411420765],[87.85400346523096,24.55773559206518],[87.85199298891267,24.553935850040833],[87.84096689913045,24.558784235342994],[87.83272627124522,24.557311875747555],[87.82702639608878,24.558247353428403],[87.82560113714385,24.56605792012459],[87.82684466241521,24.56895005124154],[87.81844416405383,24.572454824327785],[87.8123134559888,24.57884592045429],[87.79733654145102,24.58112052905831],[87.79204147411109,24.58400224929304],[87.77168511886859,24.58374679436591],[87.77059843046266,24.570828896784263],[87.7748699753342,24.57171010064133],[87.7780848948191,24.57418614094218],[87.78782493667765,24.571507433461107],[87.791423197837,24.57209361621353],[87.79463991215583,24.566992170775674],[87.7996746980321,24.56523158842551],[87.7997290470051,24.561356927011076],[87.80263650640595,24.56203685979592],[87.80377241260797,24.55591679680422],[87.8061786749623,24.55390812892809],[87.80552958557567,24.55277366530247],[87.80881307166958,24.5474819119207],[87.8054441180629,24.542514840013325],[87.7993511563078,24.543838748280585],[87.7986099042646,24.537493853621932],[87.80032556069314,24.53406193674614],[87.79909845932006,24.525823111478644],[87.8037477107343,24.51803533903347],[87.80173826388535,24.512379284490457],[87.79804883989432,24.509224697602267],[87.79893485544558,24.508365634105456],[87.80115571900002,24.509366485430938],[87.80164192046944,24.50822606678274],[87.8027742909025,24.509348853915352],[87.80340258069707,24.505724042637524],[87.80145772720863,24.504099799004344],[87.79557460831063,24.503986414189704],[87.79420572493797,24.501338485571964],[87.7971461632895,24.50121464259392],[87.79883020081667,24.494414307424172],[87.80106491100288,24.493535441590932],[87.8044959004664,24.497626394970446],[87.80453053231726,24.4999652582329],[87.80632105344327,24.50061495913765],[87.80374562394786,24.502245279522818],[87.80508745455575,24.503710227045694],[87.80366459680758,24.508106876575138],[87.80493272513796,24.508858709707077],[87.80438469083089,24.511128459756694],[87.80984522874449,24.514190247162194],[87.811292607805,24.512446158546776],[87.80933612921848,24.50954337342685],[87.81220280510537,24.50818759848661],[87.81639793568557,24.500614933797383],[87.81218226602473,24.498867639623032],[87.81147808924993,24.492206470123868],[87.81605133420794,24.49127868096811],[87.82265536908774,24.494584350552415],[87.8215598232931,24.497597605281914],[87.82399469429429,24.500185295296],[87.82826761179159,24.498590515889838],[87.82583640861169,24.490539079497832],[87.82791634446434,24.490184540190334],[87.8269676875917,24.488482794829334],[87.82372637111219,24.487814189243448],[87.81654464674116,24.489740676725454],[87.81447267714844,24.488288855045617],[87.81068026759831,24.477083616701545],[87.81288671858235,24.474949404656545],[87.81830320670764,24.47482085659548],[87.8189563987002,24.472080819777673],[87.82263950753476,24.470968064082633],[87.82155523380032,24.466584883895962],[87.82387293035248,24.46491954869515],[87.82383048944688,24.458417315420117],[87.81919654263015,24.457385908988222],[87.81982793071411,24.454329927546112],[87.81343056404522,24.45673970955479],[87.81327012044389,24.45481700267283],[87.81142422536718,24.456199653015496],[87.80999246351787,24.454482330840424],[87.80342047603585,24.4542916602859],[87.80016243202742,24.44614477378102],[87.80398864967327,24.44123860343626],[87.80077756150304,24.440469921600364],[87.80051597927884,24.43750619020434],[87.79485336264712,24.43649140542813],[87.7952797947091,24.433707531678603],[87.79296463859258,24.427894562857773],[87.79564040721027,24.422037321899904],[87.78951502166332,24.42043475719429],[87.78871148223493,24.414957040719894],[87.79149952948333,24.414445696525256],[87.79259217282129,24.412525378641377],[87.79342346210711,24.414553066331887],[87.79957292699528,24.41219964411433],[87.79989833721534,24.40906408074208],[87.80306880536503,24.41135025822812],[87.80636961996076,24.420138145764103],[87.81097146817577,24.41792795935506],[87.8106922672939,24.415759212321852],[87.81228874782694,24.414163955971134],[87.80966823278575,24.40538153589797],[87.8076673657461,24.40711722574816],[87.80191203668885,24.39999514312425],[87.7969068691658,24.40230642437204],[87.79418814760284,24.39966552964507],[87.79411175127782,24.396920496844555],[87.79908398656252,24.394112639124153],[87.79930237778788,24.388087689953238],[87.80134192089378,24.383154883611766],[87.80065482917738,24.382092865920196],[87.79321067726744,24.38215913576836],[87.78699268709279,24.363731623540296],[87.77943590441255,24.35813511252925],[87.77268126158549,24.349797728128056],[87.77121077426261,24.344657378421864],[87.76761921723023,24.34408856441306],[87.76454757274492,24.339823164869788],[87.76251481461436,24.334531987252802],[87.76278589203116,24.330430416684873],[87.76938586203428,24.328166330592158],[87.77070147081902,24.322442762254266],[87.76309676391666,24.321478731014395],[87.76164321343016,24.314098365473374],[87.76307627604,24.313142891912474],[87.76146693612367,24.308251712971845],[87.75474882149098,24.309842962577253],[87.74679068771147,24.30223276719014],[87.7454733775176,24.299412335575408],[87.7465322819301,24.29849496923549],[87.73859610746771,24.296167544114027],[87.73733990247608,24.29534281396243],[87.73855471938761,24.294117673306847],[87.73175089379876,24.291576638801114],[87.73011742423557,24.28852284551429],[87.71315086351433,24.293941073665884],[87.713413734821,24.28284018499167],[87.70889406089492,24.279799641155677],[87.70724941808623,24.276375308659915],[87.70933653956287,24.270793123664287],[87.70596893432743,24.26044065355838],[87.70014026591207,24.26282486379812],[87.69112298786987,24.25856711565489],[87.68869802618457,24.252807012530315],[87.68564206089424,24.250544864525047],[87.68618753320612,24.247570965303257],[87.68472282294886,24.246286078603557],[87.6742690174948,24.247606284218314],[87.67283812970626,24.24712489657892],[87.67173467604216,24.243327471390295],[87.66214151052918,24.24534745272765],[87.66117048919925,24.244240857266597],[87.66239808015412,24.23785010081678],[87.65831055337192,24.23595319183375],[87.65320633401237,24.239343993120734],[87.65082926959971,24.24640791903336],[87.64687816277319,24.251997248050607],[87.63881459283047,24.25476795505612],[87.63925645166086,24.25055734023721],[87.64149597412204,24.247323591743577],[87.6359032446228,24.24184683551505],[87.64478928509021,24.234367401871708],[87.64615667546286,24.2301528744866],[87.64280708594046,24.220178071628634],[87.6379231343869,24.216387263418586],[87.6383678211138,24.214723567274184],[87.65581093360169,24.207613673491178],[87.6744019843265,24.207550573353124],[87.67692337836093,24.194633176902535],[87.68113129645918,24.19347639827715],[87.68636561253311,24.18961936944755],[87.69841241844684,24.187291267073437],[87.69846267828866,24.180211231838776],[87.70189669237979,24.178379021468693],[87.70206465667665,24.174539039822356],[87.69582082466623,24.161247945653145],[87.69705670437624,24.15780888644702],[87.69470419541187,24.152652174453426],[87.69512443089505,24.149163788873572],[87.69367305163657,24.148586469460348],[87.69176714730224,24.150922883584496],[87.68997440913412,24.149929231902902],[87.69019695686428,24.151091329061448],[87.68802234666553,24.151159204738857],[87.68693855352974,24.14805726248875],[87.68792457852156,24.146135876878617],[87.68618430106774,24.146190811038984],[87.6844349721891,24.142884930314487],[87.68009070959364,24.14452261475839],[87.672754925948,24.141901960529825],[87.67546540097669,24.15132443592343],[87.66836296550589,24.154281381350533],[87.66674289072193,24.15316854600271],[87.66444196751274,24.15741445097408],[87.65726372860503,24.15883641469128],[87.65554550479142,24.155845259019532],[87.65482235290285,24.158451626255253],[87.65318632673439,24.158460585720736],[87.65252597516903,24.156300770807402],[87.6483294557934,24.153708498974826],[87.6418581586749,24.15282373651166],[87.63977262272478,24.15698371701069],[87.63839532393455,24.15604256129617],[87.63730746592208,24.158099229677156],[87.63272655474144,24.159319610385072],[87.63070320466684,24.164223181912185],[87.62445569495365,24.164908171629246],[87.62200597390247,24.163166089488097],[87.61573829611285,24.165783578355946],[87.61294499192338,24.164241453280844],[87.60806079962134,24.16595894534588],[87.60603116044145,24.163501336588215],[87.60595756506348,24.16043994254106],[87.58873073635331,24.160308757314517],[87.585233010149,24.16390784978896],[87.58152506559178,24.162440818765116],[87.57997481595648,24.159213303161607],[87.57583179574759,24.160968709722923],[87.57576635437748,24.15845646212088],[87.57817259337561,24.155355791274324],[87.5816153570576,24.154167297044292],[87.59992970152207,24.13866103284846],[87.60765884036265,24.135207390028118],[87.61023396802408,24.13242437847674],[87.601980242702,24.126830354032297],[87.59773305924269,24.127723083198365],[87.5957375749082,24.126087126623094],[87.59020892762807,24.126506059761148],[87.5851890825316,24.124158993827493],[87.58325392635665,24.11411402787738],[87.57441739024792,24.111880530455917],[87.57474470399809,24.09927982086156],[87.5808957651925,24.08756871568277],[87.57208393005916,24.08949022465555],[87.55883617362863,24.08144673344929],[87.55424253601534,24.088336616797783],[87.55156672427853,24.088418721476256],[87.54676099352835,24.085012887631184],[87.54302578959381,24.0857758662137],[87.54222934416124,24.090520394555032],[87.53396322118994,24.09715191188605],[87.53191936527234,24.107256701081404],[87.5234893356943,24.1054794024923],[87.52431518208783,24.10771647757179],[87.52124702845575,24.11299257149209],[87.51548231380042,24.113391545379393],[87.51100456155372,24.110787354867636],[87.50760975083989,24.11325531687273],[87.50404566608555,24.112761413424543],[87.50343329084457,24.11467816447811],[87.49957983178773,24.11567532135799],[87.49754633703863,24.117872686876325],[87.49554252262652,24.112391796936947],[87.50030262794346,24.10168252095361],[87.49867605295003,24.09835502064274],[87.49616773658953,24.099577465549196],[87.49646478250455,24.09390946696194],[87.49226328736056,24.093805631130692],[87.48960336232955,24.09030981261021],[87.49506813040983,24.08639037599729],[87.50822673623492,24.08521814348052],[87.51105124789734,24.082863858942556],[87.50602328742058,24.08028500025136],[87.50087844804055,24.072778334740526],[87.49647702744018,24.07674875789625],[87.49271026838468,24.076977698443685],[87.49048339959256,24.07087923820261],[87.497320594001,24.063405781876135],[87.49328161397338,24.054142985465578],[87.50447096267703,24.048244744147937],[87.51000528820806,24.047512828775428],[87.50966863736883,24.041995395206353],[87.51195634636018,24.03609891359322],[87.50905943677404,24.03218866624507],[87.50190661390067,24.028744017501626],[87.50237254129244,24.024659979870737],[87.49714400318244,24.02539967077675],[87.49063482770171,24.017797643361583],[87.48256637092383,24.016314963111586],[87.4763461430458,24.01204420361411],[87.47271298593093,24.0160386179152],[87.4682411499887,24.01388461057141],[87.46127661220224,24.013020620179933],[87.45986181413879,24.018823437701315],[87.45829671175859,24.01836756749613],[87.45830939237715,24.016398468590232],[87.45232090738455,24.01628988798975],[87.45250253595522,24.01762610725156],[87.45083134792986,24.017739363794274],[87.44915036916629,24.01503471430757],[87.44575305305115,24.013572421969045],[87.44483300752032,24.014812514951522],[87.43793406561419,24.01295368800721],[87.43820569908812,24.00899683579889],[87.44032959040594,24.0090268785793],[87.44155715710632,24.01147110535619],[87.4485771020812,24.011315209262513],[87.4490576306896,24.008179616305835],[87.44380252310842,24.006803989296483],[87.44511308336125,24.001968051981972],[87.4485676284482,24.00300570679778],[87.46070561875314,23.996358148621336],[87.46023997522897,23.99259313095978],[87.46206157986042,23.98791810450679],[87.46000803291757,23.984197860766987],[87.44972716842705,23.988758629081932],[87.4455208385502,23.983414871088506],[87.43945007057252,23.981815706946353],[87.43568567228957,23.984879329836996],[87.42903692466481,23.986794764711426],[87.42730958654434,23.99290036585726],[87.41539426793707,23.993543320530893],[87.39400065318883,24.002758451575392],[87.38037755278484,24.004012230998413],[87.37654552483575,24.008185504108383],[87.36060098280313,24.012848343287594],[87.35862367767507,24.012248991897785],[87.35701261479001,24.00597428582709],[87.35136835073956,23.998526715804626],[87.32916942239027,23.998738681760337],[87.32258972915972,24.001661074253533],[87.3190559230203,24.007891609294102],[87.32648438226055,24.017657766119573],[87.33618820494513,24.02090637763839],[87.336112494933,24.025820097263416],[87.33946652842111,24.026110769261532],[87.33696986141324,24.034019402332415],[87.32774135710835,24.032422691818038],[87.31629198026594,24.035382247177967],[87.30771690510885,24.031479772303168],[87.29164216215729,24.033146156501754],[87.28820947218288,24.02852812992052],[87.27868033768509,24.032944478161532],[87.27389252023997,24.033612491480874],[87.2665327372032,24.03801162589075],[87.26126248043309,24.037003586712725],[87.2531509521323,24.04291522265962],[87.24538545667556,24.045068590882742],[87.24127824690717,24.041886708250683],[87.24049481446978,24.038410564864147],[87.23442582874962,24.032494919669354],[87.23528091261069,24.026857473490686],[87.23369085143868,24.024457331514554],[87.23554224869652,24.021253486022022],[87.2456184230664,24.015936862347473],[87.24089722827604,24.011909458560172],[87.24768567380893,23.998738634982722],[87.25264676189929,23.996779539139013],[87.25553346392883,23.999854755496926],[87.26279693858397,24.003617929324236],[87.26463694610233,23.994093113098373],[87.26790878823354,23.98912137195155],[87.26654016716894,23.98197917833823],[87.26193419748341,23.981339817528387],[87.26058722671549,23.970915976809525],[87.26242767889993,23.96725476921284],[87.26578525803845,23.96535218761581],[87.27051747695398,23.967457466606994],[87.27570234975467,23.965199248279436],[87.27583626161409,23.963473846570455],[87.27939075864941,23.961814420114653],[87.27959390366776,23.960305719236636],[87.28293351829726,23.959351171726457],[87.29294813561229,23.959070472445035],[87.28933916563643,23.949494059199825],[87.29062806481284,23.94579747323316],[87.28958190300263,23.943821354126985],[87.2911730951536,23.943429910883285],[87.2846165964237,23.938212580778817],[87.28467295313133,23.928159553403457],[87.28671309451524,23.926502771590325],[87.28606567150347,23.92255689533022],[87.28457067095309,23.92188226632825],[87.28979360986395,23.915613060144945],[87.2906935663701,23.905133947052857],[87.29533071747743,23.90211276584367],[87.28950121812044,23.89905095277462],[87.29084337751172,23.89749226554084],[87.29060827492712,23.893410124439978],[87.28570043088195,23.890763824994885],[87.28284107806124,23.885936862019847],[87.2795939342105,23.887902740460916],[87.27853767174322,23.885502074088517],[87.2752625184219,23.884354744370956],[87.27388714112804,23.87933042063632],[87.26947668527255,23.874445665156077],[87.25896379852054,23.88168453588327],[87.25940777378175,23.88317812913959],[87.26204707708709,23.882400464402448],[87.26203191442339,23.883932381223566],[87.25753570898414,23.894485614846705],[87.2578204749292,23.89813260119003],[87.25663096805079,23.899522302586885],[87.25268580088492,23.899740513761692],[87.25282885040737,23.900950822563683],[87.25860198497186,23.902635166241947],[87.25779817604892,23.90845332383197],[87.25576442168668,23.908411583755612],[87.25183321973023,23.91275359305052],[87.24997088278886,23.9099566449682],[87.2461958224018,23.908752468042465],[87.24640627970655,23.90578048226077],[87.24439419450563,23.902820755413778],[87.24571932453406,23.895882063112552],[87.24325893509061,23.89349248658038],[87.24424885877076,23.8923166246673],[87.24242551589923,23.88914921927885],[87.24481861613802,23.881955616366877],[87.24179315943141,23.876712613045292],[87.24099563332553,23.870436351877498],[87.2485548917627,23.868554663678175],[87.24568191329575,23.865912769366936],[87.24717300797124,23.862009129783676],[87.24429706057228,23.85934688698235],[87.24410365778319,23.857160585885254],[87.24726247388534,23.855191048780785],[87.25129463300499,23.84812791838849],[87.25466179537098,23.847335130705495],[87.25578383338166,23.843857271924897],[87.24782332535486,23.836441873297204],[87.2485194936489,23.83489996738955],[87.24609104739862,23.83304885016632],[87.24628835965586,23.830088615786973],[87.24264552499042,23.829113126939866],[87.24066791892673,23.825832057563588],[87.23204806365105,23.82789010475524],[87.230178957904,23.8251109031066],[87.22831450273517,23.8253659313432],[87.21740400277379,23.829879915471164],[87.21753690762176,23.83298687491237],[87.2227009359146,23.83822728903715],[87.22345034376228,23.84572314666628],[87.23041876766068,23.845719417275415],[87.23765689365513,23.854779451717153],[87.23386924427767,23.85650133884357],[87.2224796431309,23.857990529902782],[87.22256152097576,23.859914349146287],[87.22095183700468,23.860449554372664],[87.22081410730533,23.856853101831376],[87.21918743349725,23.855513125409725],[87.22037262037746,23.853253196564214],[87.21747690375405,23.853099329218903],[87.2143948936087,23.850785183585476],[87.21213173287913,23.854039999806254],[87.20583083449196,23.85651438857139],[87.20324572205612,23.847860217068522],[87.20134282977293,23.85028795897831],[87.19712961790268,23.850058587544254],[87.19430442531728,23.844435273734028],[87.1893532690007,23.842372098208195],[87.18764099293257,23.84856205046696],[87.19363940969899,23.852212366648946],[87.19671934114275,23.857935419165052],[87.19162151868636,23.857381801457713],[87.18779440452185,23.859500100352097],[87.18090973325235,23.852887850360332],[87.17446069369169,23.854656440477136],[87.16488916679728,23.86514460845862],[87.15542108360279,23.864937730828842],[87.15189721013547,23.866657365923775],[87.1473885845891,23.866192111873882],[87.13368142792562,23.869790540352156],[87.12941783943259,23.86893614896234],[87.12995233882326,23.853553469089498],[87.1393742279509,23.84820695467739],[87.15404256849362,23.829315108327002],[87.1589546211459,23.831423711035438],[87.1638219897993,23.82923280151259],[87.16394518924893,23.82572800478785],[87.16726300535973,23.825119299061964],[87.16443574395423,23.81771572418456],[87.15882420193633,23.81324152619402],[87.15512058995371,23.803156022021646],[87.15280316738769,23.802598316563433],[87.14955982880049,23.796738997874563],[87.143153864356,23.800043948725516],[87.14022972863025,23.804984079286925],[87.13112329010116,23.79824662964476],[87.12303466165358,23.799170913419882],[87.12251583696629,23.796197843525142],[87.11056257262311,23.799911439218903],[87.11048355950568,23.80315841951057],[87.11208518648696,23.80477408932663],[87.11757045142708,23.802249903646533],[87.11869115903284,23.8039200560287],[87.11491071953388,23.80795821541435],[87.11407989467705,23.806868148173955],[87.11154257351266,23.808460335433676],[87.10875036436954,23.808100192884623],[87.1075002319892,23.80391974370767],[87.10306338991889,23.804410487886265],[87.1013183783435,23.807401474090323],[87.09823678681308,23.808776421647956],[87.09646018418411,23.81389876024683],[87.0916249312004,23.815545850362387],[87.08871745652824,23.813569401518105],[87.08673078376839,23.8089002859435],[87.08198951522468,23.80958936527772],[87.07432525810385,23.814805041423835],[87.0668227471415,23.81638579765706],[87.05347765465666,23.822671364885657],[87.03793596121494,23.839247895648718],[87.02586860184752,23.843423420703804],[87.01075673789619,23.852538990785444],[86.98629866518495,23.859570058206206],[86.97385086300648,23.86893462921417],[86.96974532679944,23.86869906803013],[86.96421696069203,23.863766117130286],[86.96408553357269,23.852879376508834],[86.9626928924557,23.849443958011214],[86.95549431030004,23.84614800566696],[86.94686909028552,23.846051075473724],[86.93569732340858,23.85220915011793],[86.9328616160428,23.856813590437365],[86.9325092060585,23.868548984732055],[86.91566744199152,23.883221300838493],[86.91450752022865,23.880926957131535],[86.9113343571331,23.881959882733334],[86.90174063376634,23.880566562430246],[86.8935316023246,23.87713780413],[86.889705787124,23.871282150643204],[86.88127198552009,23.863139266757127],[86.88260310731147,23.859671509104263],[86.88881331987238,23.858640811176993],[86.88752480158168,23.850719590262337],[86.88863388319102,23.84358934569216],[86.89373352743078,23.8379987820354],[86.89449313924177,23.835042076441102],[86.89412259856013,23.825447731118857],[86.88982099156762,23.819658177047437],[86.88591270743068,23.82041028095333],[86.88597946213775,23.82595542239091],[86.88027878568408,23.829329702369407],[86.88064451409075,23.83364624565782],[86.87831016456987,23.83575636629651],[86.87992493929367,23.84530399006592],[86.87466128334422,23.847605729323185],[86.8632535299405,23.844452773039972],[86.86252676592618,23.841765509945862],[86.86403312208006,23.840723070166764],[86.8611956477281,23.83449632325884],[86.85497076388192,23.830238757598664],[86.85236305073187,23.824967671328217],[86.83845639800673,23.824106637085325],[86.84006370054401,23.822724490405477],[86.83741781079101,23.819966381273584],[86.8266943697162,23.81419347790784],[86.8242417893275,23.813907580993984],[86.81995913319419,23.81573487135735],[86.81928017302774,23.81749368815629],[86.81403393631,23.818437230380344],[86.81230673922502,23.82493974284691],[86.81610480816143,23.825670566259095],[86.8147130923092,23.83090770063791],[86.80543425539896,23.837535135829356],[86.79933551208671,23.83171044778145],[86.80096788570526,23.830104814584324],[86.80376631388509,23.830063225916277],[86.80747806370584,23.823185126793238],[86.81027810525994,23.821869833112704],[86.80406398592581,23.801484823383202],[86.80526478822063,23.79935466997715],[86.80893724123929,23.798600543798802],[86.82601685673563,23.776924630735643],[86.82826568753981,23.753289056042327],[86.82306231124092,23.748348380552024],[86.81336303223499,23.746568643103682],[86.8116932159371,23.74512240479259],[86.80761346587032,23.730051118408536],[86.80794680821435,23.72349382835097],[86.79902780766088,23.704694769814278],[86.79906452629811,23.69990756205984],[86.80480770833607,23.696545721307924],[86.799296843207,23.688978443540073],[86.79154930776774,23.688372053707205],[86.77115138568044,23.68085525956461],[86.74794011080317,23.678953679314024],[86.74531012392562,23.67997501072234],[86.74196289876905,23.69149508097113],[86.73959313137146,23.694489931910237],[86.72509747667073,23.69854763584637],[86.71295390872618,23.698606878454875],[86.704698396655,23.696992620037776],[86.68260995839074,23.6884222092636],[86.65982020807905,23.686738999819873],[86.62938711073141,23.675866343099095],[86.62159473408813,23.67439336988236],[86.61038268226231,23.675250742222307],[86.59826516635933,23.673928153343766],[86.59592759098823,23.671871747138894],[86.59914330458383,23.665719912869495],[86.58136831041257,23.65519524935228],[86.57446071773029,23.64762950458011],[86.56376932135827,23.6426819176183],[86.54942799902,23.638982732967502],[86.53833194844341,23.632645487254177],[86.52879288307014,23.629879936468956],[86.51211417849854,23.63197289556165],[86.49057772802688,23.637689800008037],[86.48073152236972,23.635913921749125],[86.46996929653254,23.63035875571928],[86.46184447765711,23.629788818547993],[86.45705440454232,23.625187260115208],[86.45490782357703,23.619223768087174],[86.4499050141316,23.62005518640009],[86.44640610843933,23.61754981321031],[86.4462344367953,23.611714229665655],[86.44870846805465,23.601362777936256],[86.44719344944652,23.598015434421082],[86.43940719392356,23.59899917769066],[86.43558872245043,23.59805492555376],[86.43210804357524,23.593760871692794],[86.42088460470484,23.589674558939258],[86.41368260535786,23.576025036307932],[86.41085054784706,23.576023339418498],[86.40823165067171,23.578768314713464],[86.40283785668541,23.57747409038393],[86.39736420516529,23.57868140957927],[86.38779160837737,23.574064562734367],[86.39042989209484,23.567547530323594],[86.38852918361613,23.560220570324436],[86.38205632971729,23.557103636029964],[86.37825848985125,23.549307423868445],[86.37173480747698,23.54350981206037],[86.3712411329227,23.54037795397336],[86.3681038727941,23.5408268079391],[86.3682134160548,23.534803626197753],[86.36513557768563,23.531087796424018],[86.36782628259154,23.527648316290946],[86.36459129564149,23.521989866305404],[86.37170505886805,23.517385129900447],[86.37535011147392,23.50913359062265],[86.37280219198577,23.505893929517203],[86.36437515559426,23.501647910016423],[86.36533699344707,23.493025791953706],[86.36168242229245,23.485331174732167],[86.3658209266704,23.48034658144104],[86.37040083982278,23.484591849431222],[86.37298276862924,23.483510437053123],[86.37852523918495,23.48534702658184],[86.37719575951394,23.4806777695166],[86.37929411082992,23.47377045387144],[86.36362811211241,23.47150335926489],[86.36177971702422,23.464911154983298],[86.35692303652608,23.460907858518514],[86.35949888194143,23.456664138386934],[86.3600292472852,23.452231302626327],[86.35452410083121,23.449695338999657],[86.34976390747941,23.451585135711518],[86.35112339896575,23.443514328467998],[86.34886478640647,23.440404464774264],[86.33674837992285,23.440433343256757],[86.33381767841072,23.447313640867815],[86.32047999612864,23.443880776677602],[86.31772767218415,23.440337042612754],[86.31527864103914,23.440669582176685],[86.30565534153996,23.43510821796308],[86.30608220120003,23.430000512245307],[86.30902405799141,23.429484041933577],[86.31081474081412,23.42641789373954],[86.31311582751668,23.42766027719954],[86.31765010086276,23.426815119635833],[86.31557883824415,23.423862292389558],[86.31626947920428,23.419622568975775],[86.31756532415444,23.419125066812303],[86.31709751030057,23.41619942664121],[86.31144152952385,23.414070030257257],[86.31014148405143,23.4118423813567],[86.30138834573702,23.412719584898287],[86.290180914845,23.418202193926685],[86.29034806975983,23.422117115936047],[86.28848196977573,23.42278287361242],[86.2881446038775,23.42468634832062],[86.28855677608269,23.42950626863859],[86.28183386624302,23.42875913163621],[86.27633757448278,23.430521248468995],[86.27186595413625,23.427574902723673],[86.26412493058447,23.430844540844223],[86.25672877745683,23.430113963901174],[86.2523503986435,23.427157591802196],[86.25433251514822,23.423323045291202],[86.26097647026093,23.417840969154515],[86.25934738088309,23.413335177075144],[86.25128662176887,23.410903119580272],[86.24747508618802,23.41167061692739],[86.24519886934411,23.41439839546375],[86.246042000222,23.423106490718748],[86.2347941514304,23.421346023419083],[86.23039239845338,23.431043275049376],[86.23281920976984,23.432879709310438],[86.23220918362337,23.436814863696725],[86.23567053165193,23.444048320786933],[86.24219311179336,23.447287006369432],[86.24254527833418,23.450775176698873],[86.24740855246651,23.456389823371577],[86.24600956385375,23.459670834197137],[86.23287587370136,23.46225945885518],[86.2312483959011,23.445680655487216],[86.22883417447336,23.443355066518034],[86.20702043293812,23.450282701878063],[86.2058800216849,23.454359478651828],[86.19795640297525,23.453298311418582],[86.19530254247074,23.455036940820854],[86.19469473516295,23.458411865694167],[86.19261893784883,23.46006310643142],[86.18850001225249,23.46117979994316],[86.18897288990962,23.45909580152572],[86.18736518852036,23.457831959743498],[86.18028733544732,23.46090200361981],[86.18228385913258,23.467406700260078],[86.1770991201809,23.46983626290637],[86.17091491474575,23.46763574098758],[86.15956557519168,23.466310528897203],[86.15985598884492,23.468380484405763],[86.1575757511418,23.468214588693662],[86.14846858677393,23.465365211921792],[86.14750146143739,23.469623167905183],[86.1489491944341,23.474427124093122],[86.15458388064701,23.47679714628046],[86.15053910918074,23.483034469567986],[86.15826422177219,23.49246982286482],[86.15717216952568,23.49944583958627],[86.16046053796316,23.508344512128872],[86.15986056306635,23.509691283528994],[86.15808160954629,23.508925514005853],[86.15307821170434,23.511770664467097],[86.14797626777744,23.519729371771522],[86.14851033418013,23.52457141375899],[86.15709843850212,23.53418316066559],[86.15776823315774,23.54133128215999],[86.15161185483515,23.548099049892446],[86.15337457849297,23.553274046597128],[86.1566266199587,23.55543805860098],[86.15862270526608,23.559499548932862],[86.15276549018763,23.560723188223413],[86.14891010424451,23.559952480308958],[86.14714172030207,23.56069244138136],[86.1472148548443,23.563032195390342],[86.14338050205524,23.563525908043417],[86.14173107302273,23.563098002662095],[86.13962673892692,23.559169787664388],[86.13645137585729,23.562304430804566],[86.1313202528533,23.55885269585118],[86.1313546655152,23.562565029509834],[86.12709257092045,23.565530813101113],[86.13058524230469,23.567017354986994],[86.12610645430047,23.56975860999794],[86.12013169287046,23.566150961073046],[86.11791922317404,23.567321560839904],[86.11562605601902,23.565908618418845],[86.10980178306038,23.567961830441554],[86.10727353128708,23.565102168248576],[86.0988463035544,23.56665224709063],[86.09439301692447,23.563058782619017],[86.09147230737321,23.563186242158185],[86.08428436935536,23.566883303808275],[86.08097123256888,23.56566255355846],[86.07254802210215,23.569387840787112],[86.07472473256205,23.575676054599143],[86.07767269520242,23.579227101733927],[86.06517864865145,23.579224693543427],[86.05831067436812,23.581802488392665],[86.05183045069067,23.5862971798811],[86.04201188888977,23.586191742178322],[86.03976090302724,23.57498737155275],[86.03738793403397,23.57656229214171],[86.03151447112697,23.57307560843995],[86.02470892526433,23.56182454705301],[86.01855177798386,23.55973551931694],[86.01677805265874,23.5475376681735],[86.02061726982504,23.5441999687002],[86.02817280744031,23.542754487441528],[86.02823929085619,23.54003448519318],[86.02372355514433,23.53739989404669],[86.0278990000434,23.533737525710478],[86.02936902742884,23.527559406387578],[86.03144946094818,23.527039464932752],[86.03381097821821,23.52288142348622],[86.03368335187086,23.517965119106396],[86.03974555710725,23.514924867987194],[86.03853823034855,23.511223338058958],[86.0398851211664,23.505107945494295],[86.03883949924368,23.497860871559716],[86.05873547688621,23.49450731789606],[86.0568487057691,23.493359965948198],[86.05801918543149,23.490460247736625],[86.0548702346278,23.489854084939253],[86.05413046300818,23.486938676060632],[86.04404212634765,23.484079880225273],[86.03803090230025,23.485617676023754],[86.03191420346208,23.483454069092254],[86.0249382867159,23.486395348673543],[86.01677888539699,23.48435286722005],[86.0090908094464,23.484530032619947],[86.00822946612445,23.48316069824599],[86.00576468032597,23.48373648786498],[86.00497628649327,23.482155503288162],[85.99416344148813,23.481200967218765],[85.98943245506115,23.47884019050097],[85.98087443980964,23.478856710523278],[85.9772880346154,23.476656531027267],[85.9618653661522,23.476807611320712],[85.95689342102328,23.475390293227097],[85.95485595302569,23.47166676652443],[85.95027974991545,23.470904475816237],[85.93313610879382,23.47331703806647],[85.92702120838288,23.47639110191204],[85.9195488062539,23.477793624333827],[85.91524411983657,23.482162221536587],[85.91108558302778,23.481808088469634],[85.90906914279438,23.484261651634633],[85.88584902310483,23.482225861145263],[85.88670192495805,23.48479014682906],[85.88350096978425,23.481992318296747],[85.87586916250642,23.48068766903316],[85.87453145067414,23.477964224273624],[85.87083493178899,23.475539686672708],[85.86763339630352,23.464718467362125],[85.86305060315235,23.4624869321196],[85.86510272177391,23.46018343870359],[85.86543188964683,23.456453154842606],[85.86144642944718,23.438986555584574],[85.86337028481589,23.43607424462819],[85.86361357644259,23.43164149442597],[85.87694887369756,23.430003804284144],[85.8803362463608,23.431401290448225],[85.88451554682908,23.429954531669157],[85.88716527508329,23.425391701947515],[85.88122826265817,23.423920076358627],[85.88035540922245,23.421800330657167],[85.88919970048701,23.41398771934619],[85.8913746053332,23.410182779974473],[85.8864151548716,23.407564411168845],[85.88610383921832,23.405006184276584],[85.89835986725326,23.405784848478024],[85.90263848006946,23.398522826464312],[85.89993069819,23.393646140415687],[85.88834151474326,23.397182502552724],[85.8697508916165,23.388911534453705],[85.86997529526607,23.386169227138716],[85.87560714370099,23.384310969843984],[85.87805422819679,23.38193689144278],[85.87445022770108,23.376825630290075],[85.87490134726373,23.360606920793277],[85.88355290498407,23.350367747923386],[85.87293947788716,23.342237972586677],[85.86568272712192,23.341401990217182],[85.86499703048914,23.339994587157175],[85.86860090791565,23.330368634586335],[85.86319763490647,23.32740150080868],[85.85979280348569,23.321716976293743],[85.8515473830884,23.31733798465312],[85.84716248250612,23.30925776572639],[85.83827076558443,23.306124022255744],[85.8308369739447,23.28720682753646],[85.819663238859,23.268486225659128],[85.82345291663232,23.25948831070784],[85.8379986272573,23.24702428127102],[85.838078159601,23.24348640763323],[85.8355995370522,23.238507472341166],[85.83965940560512,23.229008836309617],[85.83677446786682,23.22019955756868],[85.84743891208537,23.222147674386235],[85.85725834615042,23.220069707805852],[85.86432737776735,23.221954461563836],[85.86846584172113,23.218595857216442],[85.87745855802683,23.203992041716297],[85.88254454068776,23.19839037702756],[85.88165163775324,23.169295460215736],[85.89416296070375,23.15526662645409],[85.90976587792535,23.153586990075443],[85.91668177643075,23.146237325419182],[85.92184766693119,23.145125695640928],[85.92248127026065,23.146502924592813],[85.92660434248032,23.146705140806954],[85.92873671119948,23.15146795466075],[85.93536875195659,23.150249279140596],[85.94064221301731,23.152897933885267],[85.9511244537434,23.152052190367247],[85.9560207319793,23.160538811892458],[85.9580782315094,23.16093998306081],[85.97494283075093,23.15561583491256],[85.9878783866876,23.153955738458894],[86.00259435141514,23.148980196533646],[86.01284342183283,23.148299372446935],[86.0147059528103,23.153774105337575],[86.01755153535605,23.1552837847251],[86.01959578204074,23.153580901926205],[86.01875623364421,23.14797150348308],[86.02372370516296,23.144506847769385],[86.02882197228543,23.145893175766997],[86.03420407649497,23.144490063129574],[86.03747682951784,23.14712952433989],[86.04368331496866,23.144936456187313],[86.04589904554955,23.142601223469644],[86.04523695754075,23.138153271173135],[86.0547810283268,23.12391243666401],[86.05245493701834,23.113032509578705],[86.05004633455266,23.111166335508816],[86.04917276605799,23.106068404717988],[86.0540277271807,23.10316041517564],[86.06129231844173,23.101758538718936],[86.07501993603242,23.09460500895595],[86.08949953873733,23.095193361135536],[86.0902598359629,23.089614575509973],[86.09807588141727,23.085430597925054],[86.10137283505391,23.086957542353264],[86.10568468823058,23.085583330913934],[86.11864245321604,23.085233712085465],[86.12578816053404,23.087128967724823],[86.13269313732222,23.08408591258158],[86.13649680276288,23.077239636226697],[86.14609070848763,23.075296557159266],[86.14162164294976,23.057278278425965],[86.14528815361281,23.0532063558465],[86.15018058166937,23.05284427318432],[86.1575801888193,23.047997232874817],[86.15599518156907,23.032904179550645],[86.15747398729148,23.030500264498322],[86.16230291164396,23.028942342757457],[86.16463720367271,23.033693363377395],[86.16739433989218,23.03324521678743],[86.1672909860238,23.030091669939768],[86.17066990284528,23.026817398348218],[86.16977697745284,23.02306812857499],[86.17501126208575,23.020873435744946],[86.17885098500358,23.02171533380179],[86.18146312864461,23.015767206548755],[86.18159992679104,23.01087218656403],[86.18554644322649,23.00524708589143],[86.20747390518846,23.008194560948134],[86.20845802215862,23.005083186644292],[86.20685998574352,23.00471383131743],[86.206494913107,23.00037629694561],[86.21584759782179,22.9977581202035],[86.21808778413795,22.998437633660085],[86.22301970662602,22.99484563309043],[86.23741574085669,22.995090254344625],[86.24142528668571,22.9992713414615],[86.24788166997381,22.997402538675573],[86.26496139326801,23.000211642609752],[86.27190638371391,23.006225215022482],[86.27821995283817,23.00924600344079],[86.28526565071562,23.010305334065862],[86.29321501873456,23.013889291640684],[86.29663937324143,23.010779701510998],[86.29840689480123,23.0108862585015],[86.30457219698782,23.0167924622942],[86.30404273355262,23.010067518010633],[86.30893675701714,23.00842675440423],[86.30997887371363,23.00424506779469],[86.31685442528637,23.000765970300765],[86.31965680695176,23.000902472219217],[86.32230037815302,22.997119972547683],[86.3260774507663,22.99492299615945],[86.3379378400889,22.990580457485677],[86.34176918082677,22.99676129416458],[86.34410134654325,22.997834613340892],[86.34824116695307,22.9977955332452],[86.354798030399,22.994171225269998],[86.35430225917685,22.999493800214378],[86.36397263938007,23.000871093915254],[86.37131316523207,22.997523860114104],[86.37678476230515,22.998495649047307],[86.38583445156279,22.996046690689834],[86.38858755883822,22.98670919450398],[86.39393407808441,22.98103709888449],[86.40101440242277,22.981591850156594],[86.40527323972631,22.988237954416505],[86.41009431459986,22.99056074520836],[86.4157422222171,22.99087066021244],[86.41723100283244,22.996368315603473],[86.41929052986012,22.996186189202206],[86.41912545544353,23.000584682520916],[86.42512214834288,22.996939113178566],[86.44244687814766,22.993170953328097],[86.44675058719795,22.988145559707107],[86.45042766474371,22.9884383519612],[86.45139319197739,22.990952937695436],[86.46438828286122,22.988711942929402],[86.46875602831652,22.989388642255836],[86.47033554596207,22.991793203151072],[86.4793264359928,22.991101269248365],[86.49689269762465,22.99268457458674],[86.49947978365917,22.994942040463748],[86.50135399273535,22.994713072012775],[86.50252687808603,22.98760309945576],[86.51332839533548,22.97763239533592],[86.50749176694839,22.972935093106667],[86.50996510201341,22.972881821563252],[86.51008297086014,22.973910852698516],[86.51311528261073,22.971723996887654],[86.51888487511803,22.97058532830523],[86.52635958142574,22.972784809570893],[86.52721002369175,22.975108858529623],[86.52396508969656,22.976842576753313],[86.52859628407523,22.98048777474107],[86.54015223794131,22.984893852695162],[86.5454919820936,22.989877488129437],[86.54755215770497,22.988658994337033],[86.54760308589334,22.98184489044488],[86.54918231428137,22.978403195749813],[86.54442817198131,22.969561621469776],[86.54477156827002,22.96599145883758],[86.54069121273874,22.96681079327736],[86.53146002606442,22.964769427927767],[86.53342762309923,22.962106540086214],[86.53109307505065,22.954252005820738],[86.52546007497553,22.947304131449982],[86.5215268050973,22.94895693306602],[86.5115753671945,22.947092899940642],[86.50938011999872,22.94958370569159],[86.50290205407457,22.951492191352315],[86.50074378153587,22.945462010584407],[86.49778474087147,22.94557210424419],[86.4953359244238,22.94755711762006],[86.4944713292005,22.94307543885808],[86.48902961278873,22.937665223292587],[86.48538324145602,22.942495278414512],[86.47818134900857,22.946094067219953],[86.47656933840086,22.951870015455867],[86.47639825605164,22.95068613009395],[86.46999893375036,22.948361384253044],[86.46910495014255,22.944989065779613],[86.46498778344754,22.944900951433755],[86.46212764190601,22.939704102184923],[86.46279578455984,22.937021088591372],[86.46016596027737,22.936768775170897],[86.45294682197306,22.930955042212013],[86.45024276540711,22.932115970799817],[86.44289618221512,22.93090682812875],[86.44260308529411,22.92863842202963],[86.43579743073533,22.92590443747673],[86.43593535716572,22.923194980664974],[86.44079534526077,22.91995120475585],[86.4473283719106,22.90839260946691],[86.44868796849988,22.90862704959466],[86.4529151392913,22.90357168373638],[86.4656613824684,22.903195896239826],[86.46729674837513,22.900891749568775],[86.46430906402958,22.89444090401669],[86.45979547708787,22.891815089307357],[86.45613311304817,22.88602132310248],[86.45333468576666,22.886120090528077],[86.45572601542604,22.88050963230747],[86.45171911333888,22.87322405716541],[86.45234028308649,22.86657767423185],[86.45093398488224,22.862372389290204],[86.4380239168451,22.86338422762118],[86.43480872786563,22.86065379250274],[86.43542596029737,22.857530497104914],[86.43290927433333,22.85327588259278],[86.43611405004204,22.834750944203044],[86.43869143427149,22.831273140831833],[86.43581463616795,22.829365993944215],[86.42241104539183,22.810798737513423],[86.42466845870024,22.80822806474562],[86.42344624685725,22.802989188519266],[86.42509567678808,22.800043708471556],[86.42241215570951,22.79722152217129],[86.42287539803692,22.792298562852007],[86.4208338606711,22.79289901581585],[86.41938051410214,22.79099668579424],[86.42577219353699,22.786168932829163],[86.4324918388989,22.774955391842056],[86.43746853072574,22.772850208187485],[86.43974434602275,22.773743425913903],[86.44105930532552,22.771354184013425],[86.4442238715438,22.771681404283527],[86.45135724499298,22.763532779641743],[86.45865088327874,22.76455407072709],[86.46011214310698,22.763353616750745],[86.46421192111306,22.75782933019651],[86.46953318063177,22.754113315540515],[86.47179278852438,22.74496587329482],[86.48177555157946,22.73187113424759],[86.48216923825272,22.729393376567245],[86.48674303118307,22.729257894972704],[86.49358443689353,22.726568938361364],[86.4948327214393,22.72323457277342],[86.4976468297124,22.722869839654216],[86.50288675396864,22.71717703988953],[86.51057438974476,22.70480675052565],[86.5130893266889,22.706738573132725],[86.51121861026255,22.71261370745402],[86.51399790522517,22.718504910915527],[86.52051225590024,22.717146784261427],[86.5241094651324,22.72123668658191],[86.52856053202525,22.720939306974348],[86.52879434283244,22.71964483188926],[86.53417065739997,22.717858351974062],[86.5427738354524,22.72221024515686],[86.54827039311394,22.71881649663837],[86.54802054109074,22.72087982318638],[86.55941658944633,22.712451744501248],[86.55846769991,22.711079751427967],[86.5620254865759,22.70681665138657],[86.56887296399938,22.70285140748787],[86.57126757700112,22.699876754464967],[86.58490411260853,22.69142111629871],[86.60154252684131,22.687949214338147],[86.6075002607051,22.68462155243412],[86.61064645008761,22.680536928763296],[86.6192771040113,22.678525137990995],[86.62300295378877,22.675868985827833],[86.62836032288695,22.66732662467398],[86.63504234500816,22.665607515004368],[86.64138989560298,22.657654125019196],[86.63763935742654,22.651421456658237],[86.6388760572984,22.6362114394617],[86.63803664903905,22.625956282691117],[86.63439614370513,22.61895600337056],[86.63313256354502,22.61103950468466],[86.63762053682302,22.610119218883426],[86.6371555230179,22.601879407370067],[86.63845832362333,22.598476638404712],[86.64350653841475,22.595145399185345],[86.65604639904521,22.591459870921252],[86.6526540389355,22.582472953322245],[86.65853663770892,22.575701225291443],[86.678265310418,22.575127515790516],[86.68365533597168,22.578995634826146],[86.71013562957522,22.583065574896455],[86.73046815700478,22.577590308658515],[86.74691702132272,22.577960314289673],[86.75104903896602,22.57919531398892],[86.76581202331212,22.575703297332883],[86.76670088652281,22.567664502595978],[86.77164675086406,22.56488009058136],[86.77144699968088,22.56214257222258],[86.76689079756042,22.558757389410353],[86.76672022814921,22.556083093500156],[86.77360363908235,22.551756665171265],[86.77516437115868,22.548868030208425],[86.78073856841362,22.548605386169466],[86.78416142003901,22.54991239071536],[86.78925862355617,22.54774877278176],[86.78997854779792,22.54110076506885],[86.78672529630153,22.53805206501628],[86.78849908810196,22.53547073234821],[86.7885341188048,22.531568060936937],[86.7865396019559,22.526897779766202],[86.79294082688892,22.523976283542858],[86.7947246519728,22.514330282476774],[86.79215822629152,22.514010826718195],[86.79249226033832,22.511680534802867],[86.8021897157642,22.502252200014677],[86.79397381131226,22.495918207942417],[86.80089687118708,22.48835641376159],[86.79295093922408,22.477460471818322],[86.78527691382283,22.480332300917382],[86.76889819984378,22.479722475361857],[86.75653779026773,22.4827668243098],[86.75065700159959,22.482486816360765],[86.74716085643018,22.475182002304802],[86.75166525719978,22.462053548850804],[86.75109508211591,22.455807348558935],[86.76100668422743,22.45007954587604],[86.7634766317455,22.447197779289585],[86.75950941902424,22.44473823852044],[86.76230247078706,22.43665691510558],[86.7621365339878,22.431371793622798],[86.76474865067938,22.42664181902959],[86.78542006485496,22.424664995330147],[86.79216758583844,22.422026803636857],[86.81295573608517,22.41913415225309],[86.82511953768316,22.412701261024914],[86.83124234326863,22.41115914773615],[86.84553727031745,22.39987172480918],[86.84673777167662,22.394795721105545],[86.84111720518337,22.382196818606673],[86.84306049021332,22.373029100007415],[86.83610111414646,22.360085323419476],[86.83464371437896,22.352233241495963],[86.83171666541675,22.34712588790764],[86.83278387295744,22.33980034899052],[86.83111271727147,22.332345442954804],[86.83315147435147,22.32447882756817],[86.84200470924304,22.31785654058231],[86.85369975195948,22.314497955061878],[86.868094831281,22.306993633584067],[86.87201709320375,22.307213532757483],[86.87664419755296,22.300586074984416],[86.88812216327932,22.297332960440947],[86.89025409901052,22.276989426010278],[86.89007205901143,22.273908572451074],[86.88736410824869,22.27364477964766],[86.88683721309691,22.264817970934267],[86.88834272842765,22.26342771717468],[86.88673630084946,22.25739174605194],[86.8832909877487,22.257217600242463],[86.87628120990622,22.26005825785669],[86.87376885741512,22.258475360189358],[86.87166108367015,22.260289607275595],[86.86637236292766,22.259436120928925],[86.86514798704319,22.260988965640806],[86.85894862613088,22.258336697268945],[86.85230537619569,22.262784696716857],[86.85122528681383,22.26543975473127],[86.84453986636589,22.263608644864263],[86.843066395738,22.2619448714662],[86.84038665207518,22.262773465160866],[86.83914196079054,22.264850145419622],[86.83007814013516,22.263548973303315],[86.82400791204495,22.266830995240074],[86.81977318193039,22.25373581084514],[86.81680340999159,22.253750515904628],[86.8162972174138,22.2624228572633],[86.81470510179473,22.262746301584922],[86.8146891719698,22.267534423497416],[86.81341765429583,22.267532899682255],[86.80959650045327,22.250679674051508],[86.80806748788963,22.247443629697468],[86.80621306959748,22.248037689844068],[86.80300583160658,22.244393065237915],[86.79896728726185,22.245417981183788],[86.79702289550748,22.24782775720227],[86.7978544426098,22.249987975677172],[86.79901955663496,22.249609984226854],[86.79960777527965,22.252311916121847],[86.79807433042839,22.252373288555425],[86.8011323348944,22.26559414279129],[86.79221149189628,22.266314700177197],[86.79401993351385,22.250751050047548],[86.7960143578363,22.247284418373052],[86.79434104799027,22.24341566758177],[86.79913224220255,22.238219104950197],[86.80342481393994,22.24312878731432],[86.81246231305917,22.24117902626405],[86.80862646547348,22.235898526161645],[86.80222736325945,22.217930783006942],[86.79173246257606,22.22219093226368],[86.79034937414384,22.21914462818472],[86.78870936304874,22.219350243665442],[86.78517415104594,22.215153715460087],[86.77817398427865,22.21809856837698],[86.78024085772877,22.224280783505215],[86.78474284203024,22.23091799188514],[86.79283515806205,22.224568361794216],[86.79512029068515,22.227931999059656],[86.78787580192356,22.231744204683686],[86.79003438078777,22.235414895322098],[86.78159911223497,22.23706608562513],[86.77767915898251,22.236762650382886],[86.77454202282141,22.23234062808527],[86.77737777420468,22.22468349955289],[86.77603938953425,22.21808658977329],[86.77074740700897,22.22060882754106],[86.76293798483317,22.21389427095776],[86.75309498346662,22.211070062480445],[86.75004790161616,22.21140869162823],[86.74471316826651,22.21594464447046],[86.73334327615706,22.215113352934697],[86.72695651499838,22.216793096636046],[86.72138837957498,22.201371895330677],[86.72279208973289,22.189939310616094],[86.71830601010353,22.18593196863594],[86.71785583017868,22.181629007501108],[86.72120492652597,22.172881966004365],[86.72118968750551,22.16705878210592],[86.71974002941914,22.16507710201929],[86.72179973521159,22.146751420454276],[86.73024544039133,22.146081943816977],[86.73855381023212,22.14925001906425],[86.77021539774825,22.14915083843872],[86.78876231783642,22.15316777258953],[86.79057819750459,22.1574706912477],[86.79569746364511,22.15692329778445],[86.80114468493294,22.151187931095876],[86.80437187540463,22.150337269733484],[86.80518055409473,22.146970780652133],[86.80423452209935,22.14399729522112],[86.80578324280202,22.14111525331565],[86.80585181030935,22.135538247923982],[86.80522614000213,22.132492205446482],[86.80194556894136,22.13051807956624],[86.80959776528118,22.12896743212905],[86.81399215746275,22.125919539152953],[86.8109403864065,22.12383097217491],[86.80885760289442,22.119165563359264],[86.82023287142084,22.115457706355024],[86.8283199008672,22.11775038971976],[86.831096962618,22.111151009016115],[86.83339334933498,22.10965940861441],[86.83328653156289,22.107614764317304],[86.83671969584773,22.10354639390629],[86.836071141857,22.100271497423996],[86.8378106072338,22.097698544082153],[86.84637067783073,22.096157390565747],[86.84932323804868,22.100206659376248],[86.85155866778545,22.099087102405452],[86.85190962249895,22.102878828524602],[86.86227022325072,22.101715366217807],[86.86622977154599,22.099230137394244],[86.8752170764004,22.098841048359695],[86.90695494885045,22.091768708031363],[86.9278669498254,22.089598106572524],[86.92995734476293,22.090738691220665],[86.93754853471515,22.089991017545316],[86.9464518848198,22.085604187673574],[86.95379130304904,22.085751018745864],[86.960088961213,22.087946626792416],[86.96497931955113,22.08587415961668],[86.96873848694419,22.080116686511357],[86.97099746601613,22.079454861512424],[86.97159418721496,22.073192422642055],[86.98744306855126,22.060907306344284],[86.9925522439162,22.055016588947534],[87.00973656973702,22.047320101560825],[87.0166112185029,22.047334022221182],[87.0195503614838,22.04470899891745],[87.02016857577412,22.041758654456206],[87.02816239243333,22.03790301845277],[87.02336197791301,22.020615246712644],[87.02699613395448,22.006893561328344],[87.03195970588658,21.99568125462895],[87.03087833460884,21.985547687616208],[87.02167755141534,21.97315167761272],[87.0183201420584,21.96089837090108],[87.01357443943044,21.951124207953036],[87.00936439052829,21.947578119626435],[87.00686982467985,21.93905862890077],[87.00563160575683,21.926402803055534],[87.00265532193053,21.9247669095534],[87.00424821189738,21.920928306851128],[87.0016816622486,21.91391439788504],[87.00540564712352,21.910686497591026],[87.01009483224537,21.90056634358472],[87.02291823890874,21.892934366442912],[87.02537270216627,21.890062893103345],[87.02680687150051,21.887057263042983],[87.02642173768709,21.881425963300245],[87.02859251567286,21.879379492885267],[87.02730293737008,21.87593382262539],[87.02928870642475,21.875810713738808],[87.03772648217551,21.868135077847846],[87.05736278292052,21.86595181705181],[87.05753228333654,21.867584987547257],[87.07360238918463,21.86736462019596],[87.0812517261869,21.86444256703089],[87.08701187560396,21.866752349136746],[87.09169619634854,21.865373361147864],[87.0986015953449,21.865816676923544],[87.095752040449,21.88207415100993],[87.09939502782805,21.89147352704773],[87.09681790680497,21.895589930000014],[87.09068231459976,21.899647796350997],[87.0963589629162,21.91396528994116],[87.10262720484785,21.916186329400055],[87.10470724939665,21.920678033173484],[87.10875982901935,21.922740501960412],[87.10844057854719,21.924962818728158],[87.11349320945656,21.924148681537464],[87.11572966506938,21.926139913120846],[87.12279091188609,21.927120051848075],[87.13729551201038,21.92360717251733],[87.14286149507038,21.924927042456932],[87.14429999787755,21.92740263737483],[87.15383591735075,21.934365379545962],[87.1614937461274,21.935582736987325],[87.16324091096449,21.939633372766743],[87.16118693462694,21.94435751612648],[87.16294403752606,21.949674972052065],[87.1611454019181,21.95337780457249],[87.16510746998773,21.958724261502816],[87.16261499901051,21.96791165375719],[87.16823490973363,21.97230382889026],[87.1701418049097,21.979415026240474],[87.1731296958678,21.977102443715264],[87.17418142453784,21.977868772320786],[87.17681789455679,21.97426070076569],[87.17541898140249,21.97345240982487],[87.17732137691733,21.969891816594753],[87.19615602559438,21.959499872150342],[87.20072388964385,21.95977563741739],[87.20405849886059,21.962954583812767],[87.20784864016463,21.96186411943456],[87.21035581117314,21.963168336630762],[87.21126671993923,21.966170937011285],[87.21649380727007,21.96140950534053],[87.22192213519082,21.96022355748569],[87.22478409043092,21.957469022914115],[87.22749894025503,21.959044125748008],[87.23585723396775,21.9570629294005],[87.23597727943243,21.94355466524715],[87.25520936794402,21.92598119825547],[87.25394553356065,21.92044745075374],[87.25160407117936,21.91766598500902],[87.24155453724752,21.911766198151568],[87.23873395301955,21.904943070650084],[87.23893380930562,21.89987822157104],[87.25151875099031,21.875066671238248],[87.25004425358799,21.866598556906496],[87.24661466010639,21.861344166729687],[87.25046364734975,21.851961538603955],[87.26005725932544,21.84893294243516],[87.25825822756042,21.844959758300167],[87.26077734256897,21.840970489115133],[87.26527816534879,21.838943244417454],[87.26392791752667,21.83635520377664],[87.26501122018232,21.830320819306873],[87.27071730449401,21.827763358923217],[87.26876448115236,21.823487354997496],[87.26392804688409,21.82341096809053],[87.26373736329535,21.8192342439379],[87.27507322991681,21.81692100014762],[87.27566827036775,21.81125666037289],[87.27368495551043,21.810693960277785],[87.276530395224,21.805178446021213],[87.2825339431673,21.804541548630347],[87.28362484018034,21.802815552263034],[87.2885384900372,21.805859766501914],[87.29125652708392,21.810824908242495],[87.29765700911021,21.81091611804541],[87.29722525003861,21.806250549884748],[87.2991847002521,21.800878179110967],[87.30969851226881,21.799305447048123],[87.31057386302102,21.792332381517255],[87.31471700360416,21.795675029796165],[87.31646796561999,21.79424447753257],[87.31652088537336,21.795992998516347],[87.31802255232142,21.796288752924756],[87.319971380855,21.79052612673985],[87.32950937992806,21.790269994947604],[87.33238926284628,21.793722781325524],[87.33545179841458,21.79361675094806],[87.33777858052754,21.78372500487017],[87.34728881447178,21.79207251943587],[87.35544292471371,21.791066551516728],[87.35531605205284,21.78641848049716],[87.35822703195127,21.784566764399163],[87.35879497741658,21.781668145189254],[87.36689917815963,21.780576409179396],[87.3711061027212,21.778085063354414],[87.37253429107228,21.773253670294693],[87.36925979891099,21.764599708580242],[87.3746638884888,21.764376825774963],[87.37404285708172,21.772038329983477],[87.37892478922254,21.77261503013591],[87.38097153951193,21.774800465357888],[87.38574606728073,21.77583381535956],[87.39407363411915,21.77512595497334],[87.39393930723809,21.771948273375276],[87.39169106483044,21.770832777556873],[87.39237685129474,21.769780728548735],[87.39502132081128,21.77022240673786],[87.39592148842152,21.76605389617447],[87.40145993901636,21.76663911155326],[87.40439766445571,21.770536205629096],[87.40728818073197,21.769126902045546],[87.42024126818973,21.768042686523504],[87.42625504884239,21.770400816033018],[87.43306227904623,21.76794081429251],[87.44019004970298,21.768533779723192],[87.43989074991491,21.77074209617794],[87.44438053689146,21.768220846583294],[87.44342599335877,21.758332570752042],[87.44524092710091,21.748532046391638],[87.4471642075478,21.746455343691117],[87.4450960063877,21.743047492105912],[87.45013589289815,21.743109903858016],[87.4543610820061,21.739165490084382],[87.45371619404003,21.73780230149939],[87.44527918994211,21.738702295711807],[87.44434270883485,21.73401115363396],[87.45806612590326,21.73389278340221],[87.46433979545584,21.731616263880888],[87.46919241826387,21.73221446872666],[87.46684903079291,21.72725236378721],[87.46395522937767,21.728838127593836],[87.46356583575314,21.72623534583719],[87.46669948645092,21.72166541027241],[87.46691813998436,21.718654635868393],[87.47088277903231,21.717172388092617],[87.47348434860413,21.713140206192378],[87.47273122891771,21.708044051248937],[87.47063630647119,21.70516278924755],[87.47183399161194,21.69874698379424],[87.47324978141548,21.697956286985796],[87.47135349174961,21.695895703477323],[87.47260771146448,21.692764925805207],[87.47072082895629,21.6882780473031],[87.47194518328118,21.68370596737934],[87.46920368852741,21.681791343141708],[87.46896195637603,21.6789232712688],[87.46684522732598,21.678524842929384],[87.46831417044487,21.664126618678676],[87.46229117038243,21.662849524948367],[87.46176092451465,21.651143499590365],[87.47285358754426,21.65170393487585],[87.4721777256672,21.64768748651481],[87.47678215114874,21.64658754433404],[87.47551144555177,21.644010428926734],[87.47956972678163,21.63905756744458],[87.48057678672416,21.633093724673106],[87.48573988526067,21.63085308444583],[87.48320109265583,21.621370282402342],[87.48621588276677,21.609766410246106],[87.54149034329612,21.620956346658264],[87.55136167213684,21.625207079781195],[87.55754770654187,21.634078567335266],[87.56140866742965,21.636164925432816],[87.56249326725256,21.635489373116915],[87.56088589644334,21.628687151304508],[87.56343972325276,21.62804944282242],[87.59427643006426,21.637213522464986],[87.6280553197556,21.64434583676247],[87.63285410563032,21.64759274392395],[87.63610717656535,21.66029204752088],[87.6384807968372,21.662570331901552],[87.64239622886885,21.660130314540428],[87.64941372862953,21.660871268826458],[87.65015641887548,21.65659735724521],[87.64804605888081,21.652190975912045],[87.64832771845161,21.648652797836508],[87.6512461310107,21.647327555349342],[87.65608539766706,21.646685403665387],[87.67381402080336,21.650458161707167],[87.69442375305827,21.65817268063996],[87.74158257279944,21.68127034792381],[87.74601986672236,21.684942144342514],[87.74404803862258,21.68988991637427],[87.74653390069423,21.694004544083857],[87.75545696163283,21.697016790732068],[87.76027047538662,21.69485248935994],[87.76393773524464,21.696222863408714],[87.77556124242005,21.694727730783594],[87.7895453954997,21.69962563068434],[87.80639282074961,21.708851789486644],[87.84939533509719,21.740469564673443],[87.86592408030512,21.75758715473034],[87.86946308948666,21.76463449550617],[87.87908131530111,21.772651588696124],[87.88198172562188,21.785020423975695],[87.88031112150148,21.795301514301517],[87.87784060085824,21.80137634364513],[87.87074237668948,21.80764979959769],[87.87034161758001,21.811046170081568],[87.87384582243416,21.81197830351747],[87.87963723322311,21.808906126186145],[87.8856027545821,21.797609901826107],[87.8912224892354,21.79402810346589],[87.89967896611375,21.794102788622595],[87.94879071250281,21.824194483599634],[87.95528477742214,21.830340683550446],[87.96290128908562,21.845120275994418],[87.98163267103087,21.863604949766376],[87.9866327235467,21.87067527344867],[87.99532858258364,21.889510559229738],[87.99744061164812,21.903125869965],[88.00729489675294,21.916553031806636],[88.01219681461215,21.92722896480853],[88.01978818063422,21.95692372073321],[88.03377966666152,21.97942551484875],[88.03944540134559,21.98513226825412],[88.04517017331011,21.99489952548281],[88.0485458876376,21.99740854601676],[88.04724056366456,22.00553167397472],[88.04380893460053,22.01254219587711],[88.03577836426976,22.01495480398972],[88.03426689580363,22.019474456126233],[88.02915430234903,22.023041517995534],[88.02645524939918,22.027313674314936],[88.01353845837046,22.061356049176613],[88.0091188289193,22.065641119230385],[87.99527447795238,22.070263507157787],[87.9928283995697,22.072977175795977],[87.99290255459807,22.075682989686356],[88.00464428904804,22.077372735686662],[88.0129381214526,22.076296583298358],[88.01963469358644,22.07186540221341],[88.02721496092317,22.058922236498987],[88.03212149612297,22.04503517633171],[88.03900707109764,22.03445020532314],[88.04708990720825,22.026498094384245],[88.06012176344171,22.017895569324796],[88.08008811240866,22.02209593338898],[88.08610187868831,22.025207414496496],[88.0977598497296,22.02834886990005],[88.14015974094691,22.062288179933955],[88.15178562147129,22.066329971546775],[88.16743836285183,22.07821348259431],[88.18666526359266,22.104608878832295],[88.18755604560478,22.11049709944348],[88.18619780636992,22.117131623518002],[88.17704598854593,22.123541261251976],[88.1694220630864,22.133647353909126],[88.16853685691723,22.137849849214376],[88.16616237605935,22.139135442011096],[88.16580565865327,22.143101258932116],[88.16736487796665,22.145409794790105],[88.16622784976882,22.147495247848287],[88.16856449718021,22.14758561840208],[88.16990802560397,22.150163985323974],[88.16052679602274,22.160855495903057],[88.1590090447395,22.15818040358687],[88.1600222150226,22.161495937868303],[88.15633851329993,22.165373987725538],[88.15326499942054,22.168163219729355],[88.15206033706495,22.166780530813746],[88.15244976841873,22.16890338834118],[88.13393368569761,22.186231466253822],[88.12959007078747,22.185151379636523],[88.1153240389481,22.1904858843301],[88.10123163079189,22.19147904199966],[88.07289864455988,22.18472312409199],[88.0672891156665,22.186007950858684],[88.0598502063246,22.190526334619783],[88.05384022644385,22.198359505658775],[88.04334406362752,22.205054164590145],[88.0331129595155,22.20678030774693],[88.02170565077785,22.205309235683917],[88.01475647418272,22.20262339545869],[88.01611923643503,22.207662007613074],[88.00146929069439,22.215934536017055],[87.99048511360834,22.225464329426746],[87.99598337717063,22.231798928025402],[87.9948800905932,22.24467792080867],[87.99769387547279,22.24668563490796],[88.00536075657257,22.242493074565893],[88.00957325877376,22.234853092746814],[88.02181456521782,22.22318946218259],[88.03445802495673,22.219018285742383],[88.04607060053347,22.22362229218134],[88.05814502784554,22.234131722388753],[88.06490719585973,22.24231024378868],[88.0676632963217,22.255661886958112],[88.07377899263999,22.257544988199125],[88.08422266060609,22.256056439183094],[88.08394996712015,22.240375282578007],[88.07012143099381,22.220898983834967],[88.06680473687878,22.213384251826806],[88.06684453314419,22.209540328841015],[88.07731444539132,22.208272223625606],[88.0799625719494,22.210109983102218],[88.09548872723165,22.212028102731377],[88.10323756253312,22.214802369657548],[88.10877283039692,22.213390228023215],[88.11592022475104,22.2081440234095],[88.13200594601368,22.201917907223493],[88.17654577784965,22.19146198896467],[88.18940701346794,22.182209960602883],[88.19607254521544,22.171054681272892],[88.1994464584208,22.15892841527035],[88.20424277033523,22.15241978186626],[88.20399818243958,22.137005010151146],[88.2192266432232,22.102535079107046],[88.22093712805064,22.093775675848622],[88.22230194564834,22.07272965770927],[88.21832673792105,22.053930823140053],[88.21346341977124,22.037849885924484],[88.20785657594224,22.026498591534622],[88.18772076249194,21.995344066329277],[88.18075828903397,21.988055633243818],[88.14757100194102,21.96139243700739],[88.14556548072986,21.959060191258246],[88.1457207599166,21.9552026787298],[88.14804634457528,21.95319159522823],[88.15523213472129,21.951627297295712],[88.16047960931746,21.94832673688021],[88.16465573783448,21.943457410911254],[88.16684487199477,21.937499074284492],[88.16742336098658,21.91932522631078],[88.16945720068877,21.911963622035035],[88.16838104233457,21.905235904222994],[88.16509424145727,21.89810103601881],[88.16410925042634,21.883630615579797],[88.16682127055729,21.876425716085638],[88.17343154513506,21.8692179259403],[88.18078481987759,21.85683853781053],[88.19175073331556,21.84785754974403],[88.19397782399153,21.84360183731474],[88.19570933298989,21.836372244562362],[88.19553524847097,21.82618990232308],[88.19980526620655,21.80877714142216],[88.20413328097347,21.796171052951],[88.21209805330291,21.783101851020422],[88.21336170173501,21.745554325019864],[88.21012121440049,21.724959787467235],[88.21235714719379,21.716355359516047],[88.21676839716,21.711650151631197],[88.21997704999748,21.702157975235586],[88.21711121403536,21.69783591393245],[88.20480682968866,21.6900520984343],[88.20279778887824,21.682562390069222],[88.22428350340097,21.675043430092177],[88.2298830205705,21.66966234153454],[88.23600919932983,21.64504272962048],[88.23039598464885,21.63345599351886],[88.22033076972544,21.62186889173863],[88.21939341904896,21.61641731957292],[88.2204035135005,21.612359221946782],[88.2187502702213,21.60926784436388],[88.22009667325396,21.603989127430438],[88.22848893765749,21.59565556561276],[88.23140960947947,21.589104890408088],[88.23248717369708,21.579618253802522],[88.23567627380407,21.573756511754937],[88.23924518700309,21.572383480117033],[88.24250502764208,21.566362068687283],[88.25998968900848,21.55652559966143],[88.26695704660662,21.557470036716555],[88.2836102596854,21.56390564521174],[88.29995705382747,21.576045269049754],[88.30281884647249,21.58171976951552],[88.3020449289906,21.587362242604755],[88.29671281423003,21.593877121076826],[88.2879500342977,21.60013901059077],[88.2861810880099,21.61053954066913],[88.28899926385459,21.622102779728102],[88.29636901998764,21.640237602593334],[88.29597974673737,21.643634768420224],[88.29300698161201,21.647407060956922],[88.29774041145656,21.651806143244936],[88.3010635896113,21.661321681213042],[88.30215458094747,21.678751979281625],[88.29753335337686,21.681662906152262],[88.29462707346401,21.686842009586528],[88.28923206944701,21.69110238806331],[88.28239034842785,21.703262743356056],[88.27574568813766,21.72143964597961],[88.2727981584853,21.725376388885767],[88.26810495609752,21.72808815657903],[88.27459021034052,21.72807390430552],[88.2755184269472,21.740390771283504],[88.28104609506369,21.753261679072306],[88.28139826519775,21.757363464258912],[88.2755340729045,21.763506431049702],[88.27426952346221,21.768624178851024],[88.2620423582973,21.78545777183292],[88.25593730791344,21.80102308665764],[88.25687989576804,21.80673286577207],[88.26257132945574,21.818307686115123],[88.27281711383613,21.82356630955178],[88.28727653948141,21.82839991782902],[88.29528996995654,21.832543234210572],[88.29986036096692,21.837106415650823],[88.30369050874214,21.84186626359805],[88.30361763830462,21.852280355266632],[88.30091529841916,21.855406029897715],[88.29197112078319,21.857622061891252],[88.2793776747477,21.85597251688861],[88.26629540416222,21.858138103359966],[88.26313084423212,21.856970467361727],[88.2539026642191,21.85986857046949],[88.25323191106108,21.87128396463109],[88.26412300022577,21.889793199360128],[88.26846836505409,21.894587969435836],[88.26996581531021,21.899279890206568],[88.26640018635189,21.92408338119128],[88.27052923955473,21.944799167250615],[88.27059923448503,21.952056650528817],[88.26753089669832,21.958126937316845],[88.26149274475199,21.96220122563801],[88.26575917281967,21.964465834470317],[88.27258761763721,21.959980767871272],[88.27657956726644,21.945754674890434],[88.27018699939781,21.922737536878184],[88.27439598649126,21.908733049703432],[88.27488407801604,21.899314980286984],[88.26807096564376,21.88212031211909],[88.26203935343268,21.87507382216094],[88.26065524541261,21.86487686762105],[88.27547407891826,21.862271025923963],[88.2921677170831,21.8642014040533],[88.30181352477005,21.871049690060957],[88.30311148974431,21.876707795270594],[88.30492928192571,21.876945091610565],[88.30660487259424,21.876276177445277],[88.30637690892121,21.873788860286957],[88.30834182807816,21.873596143643667],[88.304664438817,21.861551313997477],[88.31181407087449,21.859575473673864],[88.31617862012402,21.862083093406092],[88.33018362040644,21.86514454257026],[88.34180204221906,21.864757872655474],[88.35367878357475,21.866856297794303],[88.35772815800854,21.875475445348716],[88.36357606025246,21.88208382153682],[88.36550982493699,21.890211631257163],[88.36580834229242,21.905337209445133],[88.35184891983259,21.924767686230528],[88.34742321687175,21.935356325127476],[88.34609529577773,21.949159291122637],[88.35260802589208,21.955980061569065],[88.35259708620853,21.957795674334008],[88.34459040567445,21.96114539875364],[88.34395073332692,21.965079010221885],[88.3469121158993,21.971782103689243],[88.34875189255064,21.97326191153691],[88.35105000493127,21.97135007924978],[88.35229569065092,21.96504134372111],[88.35696485052847,21.960081139335657],[88.35747030379277,21.954199753780298],[88.35323223553858,21.946629271641086],[88.353081643761,21.939024920161014],[88.36789930496522,21.91751255853813],[88.372570143794,21.90612057972316],[88.37260686782113,21.901585844392656],[88.36587730056691,21.883737330281157],[88.36560293621451,21.876037078519488],[88.3566785691255,21.855821084227006],[88.35801439629235,21.85038409519351],[88.35480214839711,21.841306011947857],[88.35586009340892,21.82706357390733],[88.35832781041015,21.820961646893615],[88.36003157224599,21.8200790222249],[88.36328894790785,21.803799868301123],[88.37227108924604,21.800020818971273],[88.37277229976725,21.797742380625245],[88.38174913745198,21.795086995204823],[88.38510757537992,21.799643587325036],[88.38643136691859,21.80881929455054],[88.38192484881986,21.824718946682047],[88.38182892042563,21.832904555427664],[88.37902758439922,21.839638357657048],[88.37900094845271,21.84417253184506],[88.38647104460638,21.8496425074255],[88.38466238918973,21.871122315885742],[88.39145468400365,21.882103050886975],[88.39229407250006,21.886775715297738],[88.3825954663323,21.890346658259524],[88.38038094937536,21.893941555661016],[88.37963216046691,21.900275443276634],[88.39466241696624,21.92123651398546],[88.3950815870475,21.924572625133184],[88.3857863001878,21.953962688608474],[88.38215608505546,21.95934060297857],[88.37754255604683,21.961562695350576],[88.37473055252643,21.966306942509068],[88.37640624650123,21.9696914523473],[88.3853556720951,21.97252888898893],[88.39080033048943,21.97601179305763],[88.40259725743043,21.98819991668607],[88.4021953906982,21.992722738174816],[88.39985822226393,21.99585332595171],[88.39427467714017,21.99968346931056],[88.38705428927932,21.999731080667477],[88.38815963120213,22.004171672502434],[88.39106923128824,22.00710769355836],[88.39479391235753,22.00750285422404],[88.39885566198268,22.002649901259208],[88.40363161897108,22.000291270646244],[88.40714541603585,21.99272467977228],[88.40676298165982,21.983268635029983],[88.40193012717798,21.977558121349645],[88.39624360907148,21.972362797454707],[88.38595468938782,21.968799467708596],[88.38297429397244,21.96641928365849],[88.38285012883385,21.963052173887274],[88.393410142104,21.952718540928757],[88.3957595150497,21.936466785642825],[88.40152152128445,21.922373856323105],[88.40117381577731,21.91686023750825],[88.38917702716031,21.90367686587958],[88.39109248777264,21.896777511782954],[88.39495568007557,21.892780871663312],[88.4011253777189,21.891146371650066],[88.40656225131298,21.89614905678481],[88.41181639769677,21.905895287844462],[88.42006062602967,21.907304587451147],[88.42559839749813,21.910505667157576],[88.43455708382426,21.910566167352833],[88.44493439503695,21.91740237389516],[88.44753832987294,21.927601708734972],[88.44628642601486,21.935293710594895],[88.44334337356587,21.940929460598394],[88.44316688425695,21.95021568613879],[88.44451485574811,21.951116414291807],[88.45107396588054,21.945501171975852],[88.45564018691135,21.95299982000316],[88.45902119590914,21.95526931202066],[88.46020652382485,21.958683158256935],[88.45922929783124,21.96251206099616],[88.44727932311862,21.970809038207012],[88.44442151899347,21.98403385994643],[88.44597648208902,21.987533439490747],[88.4615117525765,21.962524943583098],[88.46575583415314,21.961652130886772],[88.46412349287397,21.954378238307836],[88.45426207963736,21.944655372151736],[88.45694227155948,21.935086953782875],[88.46046956491308,21.929296916080446],[88.4595951088829,21.919548930203103],[88.45659093057041,21.910463411516332],[88.45666282004765,21.903890715267615],[88.47070990999443,21.901022276463515],[88.48110311869269,21.908555603888303],[88.48374320982053,21.912431905518503],[88.49970960966061,21.91860957000482],[88.50523259575782,21.925448127113324],[88.50763291755321,21.932236935134586],[88.50735614391922,21.938809478678984],[88.49474154255881,21.961126430015707],[88.49434078075437,21.967004050701483],[88.49575990420595,21.973125890206376],[88.49821077150737,21.97633762127912],[88.5087691264875,21.987447009809504],[88.5145930733577,21.989729821094887],[88.52769755658527,21.989596861695414],[88.53925640841642,21.986203224557915],[88.54106917632042,21.988280925758428],[88.54951999111752,22.020230749772725],[88.55406242835288,22.0514289141264],[88.55787515240482,22.04682178781169],[88.55818867521877,22.035492200145526],[88.5559566779447,22.01356553839275],[88.5504569833662,21.99088709370624],[88.54721539829039,21.986116272617927],[88.54136613779377,21.98194679768307],[88.52557014656648,21.983570322087726],[88.51643830008787,21.982914316498487],[88.50991604064501,21.980689353567616],[88.50525296685353,21.975905309970216],[88.50172950211967,21.96739548999133],[88.50234247024873,21.963416083683246],[88.52185656418254,21.943620035815027],[88.5255555489431,21.932789861664634],[88.52559764220068,21.925220651618062],[88.52404207992885,21.928970925851218],[88.52016206397724,21.91479570338183],[88.50660477594761,21.903218449416194],[88.5019062968558,21.89688569862284],[88.51251680083479,21.90288483572241],[88.52563606494202,21.91831064023064],[88.52203570980974,21.909242803058216],[88.5001130367665,21.88944777283432],[88.4963104897284,21.879033813563847],[88.49849793864921,21.874959132254745],[88.50431918248871,21.872506086846393],[88.50553976838101,21.86864805759403],[88.51623264876987,21.861930180714904],[88.51956659862317,21.856312986123406],[88.53203511954534,21.85318436981034],[88.53928986616918,21.859338269350047],[88.54093858822756,21.864104177247345],[88.5394595660112,21.867706526209798],[88.53982071839981,21.87337598814815],[88.54154364219897,21.877843863259137],[88.54620823144835,21.881511472930374],[88.5478480808467,21.884702136123522],[88.54703913805187,21.89164792504322],[88.54283747671955,21.90005854122737],[88.54338702648451,21.904153496251357],[88.54631415988834,21.90483738197532],[88.55819748409843,21.900783010651985],[88.56704916759949,21.90028741132858],[88.57162029971997,21.904621847913425],[88.57158805020127,21.91108255070896],[88.57613097342518,21.90774250137792],[88.57956410986228,21.891909933403657],[88.58974340364026,21.893290089438462],[88.59357082952016,21.895583106843816],[88.60144283911843,21.906839867612067],[88.60668639436506,21.9180363746631],[88.60593357202099,21.926629678328005],[88.60104056994095,21.93498950783488],[88.60148704341694,21.93837017626087],[88.60840776946867,21.939099320356927],[88.61178870570292,21.937983691635914],[88.61397333660867,21.93978618544709],[88.60934417152423,21.944752983122985],[88.60251243527946,21.95739050072211],[88.59966775464228,21.96879376189866],[88.59874415268123,21.98226010217556],[88.6011249424074,21.989721408993884],[88.61416231609333,22.00472402756729],[88.61714903924153,22.01378973186507],[88.60268643625506,22.024107819315578],[88.60191804161555,22.030444499900415],[88.60798087207937,22.029349965917216],[88.61285616387357,22.025284652529223],[88.6199152969544,22.022395130302854],[88.62170828934576,22.02286941888251],[88.63706734720539,22.04379547101158],[88.63746580393281,22.04717837785342],[88.63464492595573,22.051016062472378],[88.63017172547258,22.053654534932196],[88.62881220883338,22.079968565969324],[88.62271178836649,22.095247950718832],[88.61615732252406,22.098613063618586],[88.60840358331947,22.097219921976755],[88.60764765370281,22.101058927629328],[88.60800281971838,22.10241648464787],[88.6175709958968,22.107425585079426],[88.62338202678984,22.118902249491914],[88.64118489927768,22.14058844751948],[88.64347273313484,22.14806316009337],[88.64019657549701,22.158187713285788],[88.64066216332562,22.164645904331046],[88.65762464479714,22.176424012150637],[88.66488693547275,22.193153370959052],[88.672420126597,22.199419705586806],[88.67325980614758,22.204055143805583],[88.67174066247566,22.207458371033514],[88.66072470748645,22.208423278122144],[88.64654045467726,22.211904388557095],[88.63188241421757,22.212686232660783],[88.63233538071646,22.21772589311182],[88.63976883997954,22.23648593248152],[88.65042880968964,22.248744910758738],[88.65699028867947,22.248308796009525],[88.66088258819426,22.245612216275408],[88.65894616180151,22.23692378113642],[88.63908803826675,22.21757701915703],[88.64039201027526,22.215768735654958],[88.6550899422218,22.213426825359768],[88.69595071303188,22.213106671110406],[88.70290244263904,22.208725147937663],[88.69837317021417,22.20744207926271],[88.68388163159406,22.207389221855557],[88.68116187876517,22.193157362595645],[88.66476279638532,22.175543533674904],[88.65610772535389,22.168558739335715],[88.65371290663795,22.16349139042775],[88.64990702954506,22.142877452823992],[88.64125733852384,22.125416384903847],[88.63742013538041,22.112526568485702],[88.63846773988496,22.099615733785775],[88.64216296519608,22.08763912811927],[88.65613653522337,22.0711090665114],[88.66071874536792,22.061267789644198],[88.66135950377858,22.056558132231704],[88.6611377717187,22.049269370345275],[88.65856726409277,22.045171329340832],[88.65710777035234,22.024390798974377],[88.65146716244507,22.013719408323087],[88.64470409072571,22.00486659998725],[88.63672602961823,21.998739333043165],[88.63312480132353,21.99395835761599],[88.6333915605387,21.983985259551275],[88.63077983281761,21.973355414202913],[88.63069542711354,21.964641857590756],[88.63330135710777,21.954824138290846],[88.63841037167428,21.952129939104395],[88.64323366987816,21.95394497367134],[88.65221172478013,21.950609987868873],[88.66204622898239,21.953456692246373],[88.66700135764917,21.953385323994514],[88.67406495176368,21.947765338674863],[88.68229689922832,21.945318501850227],[88.69257427825555,21.953359288879305],[88.69522712995202,21.957342305285966],[88.69554221493621,21.962940279960467],[88.690009755206,21.974179153868562],[88.69623859882593,21.97523915074909],[88.69864702162853,21.977519004511723],[88.7053931529183,21.990443246075817],[88.71481494502787,21.998852663010204],[88.73088819408112,22.007444396646743],[88.73826314786636,22.013658358232707],[88.74016652254488,22.024742503106477],[88.73796644241288,22.03309774931007],[88.72869517291059,22.041196848200475],[88.71050325175136,22.047692230423614],[88.69882118609749,22.055094779003518],[88.68759018431075,22.07020819816813],[88.68706931685449,22.077446993379542],[88.68899858547107,22.086973382848523],[88.69294532199376,22.093977520120507],[88.72170617220233,22.11374934147892],[88.73157835893414,22.12939147369229],[88.73464133647354,22.1403048593628],[88.73899195015807,22.145078311982008],[88.75256674635264,22.147615046604344],[88.76785797152685,22.146977141578578],[88.77369785181527,22.14339772754904],[88.77345856757303,22.140680502465454],[88.76450450128242,22.1331742334711],[88.760390954798,22.132243181590205],[88.75505684308256,22.13450001165834],[88.74849111056983,22.131088554177467],[88.74128547663919,22.119070108123818],[88.73478848590699,22.103877275291243],[88.72486844322503,22.09344459265273],[88.70998070175058,22.085222689210195],[88.70429284245938,22.079568030304117],[88.70335749592432,22.07345354499769],[88.70482259155884,22.069619363126723],[88.71892111275056,22.06421001549054],[88.72831261187213,22.056677537825962],[88.73695347065748,22.052836515754137],[88.74110742605832,22.053259393142323],[88.74550804536145,22.074056133079214],[88.75016946984609,22.082022233853394],[88.75801140025538,22.088371475921953],[88.77339356278414,22.094990733235687],[88.77782334050308,22.106081528388792],[88.78335965939574,22.108911187688747],[88.78466089064437,22.103857722254908],[88.77947970991947,22.089335673936183],[88.77679992852745,22.086847828166032],[88.76506404210998,22.082277512119834],[88.75672777508804,22.070937417960675],[88.75058616596704,22.058798525979594],[88.75452923646503,22.056272250428396],[88.75998536904049,22.05567794642423],[88.76500496350701,22.057738679451454],[88.7731031338595,22.054509655105914],[88.7713678761915,22.051343547516502],[88.76211941850755,22.051048317526934],[88.75585158261441,22.047393758066377],[88.76173102021636,22.02912339213879],[88.76227664075026,22.01554293961997],[88.75890322341495,22.006266577393824],[88.74973345365832,21.99648458968351],[88.74648095584844,21.989534163609573],[88.75018698789245,21.987433276514825],[88.75918909069455,21.99627348991762],[88.76549081553176,21.998138406594766],[88.76622372581927,21.99337805705455],[88.76493098814166,21.989768267363768],[88.7708656424892,21.988543804057056],[88.78162454366155,21.989470819115],[88.78620880376157,21.98735721401295],[88.78857018897926,21.977418188032548],[88.80048361753117,21.97089190912832],[88.80887264889793,21.970532143878444],[88.81152695137358,21.968753607119456],[88.81680463990607,21.968220446380712],[88.80496101224836,21.965971828000104],[88.78788347096199,21.969486984885826],[88.78326601451894,21.97151920517852],[88.77838647818503,21.981681787984456],[88.75849829073262,21.983624083890437],[88.75510546709225,21.981822301038886],[88.75673811379863,21.972653734505837],[88.75604120349615,21.962566583082136],[88.76345453959858,21.95516648098296],[88.77340746151823,21.953162748101033],[88.78891569091901,21.955248951944377],[88.7918520913433,21.948039493620474],[88.79791398396597,21.945306077643494],[88.82601863462246,21.94135579394932],[88.8398968547705,21.929410923944307],[88.85299515040239,21.92243958413287],[88.85905520147872,21.921795608461213],[88.86510556242813,21.923612337629013],[88.86827153720475,21.925984064102966],[88.86975544356133,21.931694587750744],[88.87308304322389,21.931109929620938],[88.88036665451443,21.92591222539665],[88.88449119098803,21.928663830447487],[88.89345079359576,21.928687904277748],[88.90120649292432,21.930987460040818],[88.90261299235118,21.938203422354917],[88.90118301006446,21.938434707614384],[88.89934223448653,21.94419568196883],[88.90407100746465,21.9443296054238],[88.906714160051,21.95044764341389],[88.90690563415716,21.97098988779375],[88.90446264597907,21.975073647185848],[88.90192432498976,21.973964042244415],[88.90034079636646,21.97598096541898],[88.90335820955804,21.98187932140513],[88.90343742389813,21.997478077215455],[88.90656531549662,22.00790562859978],[88.90631492538252,22.01084774366434],[88.89856374457985,22.015118871892387],[88.90481849201929,22.024859915277986],[88.90187473618943,22.04068013681966],[88.90610881502543,22.04938006546694],[88.90619727931795,22.053126970432075],[88.90329488641537,22.053582229647198],[88.89506394147058,22.050843208059103],[88.88970882983872,22.05353907408817],[88.88970150856915,22.058294895975166],[88.89235932345754,22.068237611271186],[88.8963076625747,22.074130827895885],[88.9112177208958,22.084812957059405],[88.9187180839863,22.092026972670805],[88.92480682096462,22.107517176475724],[88.9278645478512,22.104925434920084],[88.92589076501736,22.092831905072746],[88.9197225585774,22.084635578232977],[88.90953563001784,22.07690865002757],[88.90399302651146,22.06872928196873],[88.90375499272409,22.0642058153979],[88.9178161961023,22.06086209080555],[88.9251218763044,22.055227981662615],[88.92537773895522,22.051833915668166],[88.92199105979137,22.045731424573024],[88.91375774509086,22.03619208506631],[88.91232928724521,22.028027563028164],[88.91587118720531,22.011396408236052],[88.91594669419821,21.990509702904653],[88.91706986228951,21.985758156110872],[88.9209369128566,21.983949700551477],[88.92892345945023,21.990550519563307],[88.93251999045435,22.003453601621047],[88.92902922439684,22.051150320550036],[88.92993243100769,22.06338485099201],[88.93430793790705,22.066105574902746],[88.94936430753341,22.069984849961486],[88.96351650665659,22.077489534785443],[88.97453774463798,22.087266590837373],[88.98225682324568,22.109665627244844],[88.98733535977121,22.11012208246023],[88.98878984540391,22.106976463455837],[88.98252936940791,22.084316780744413],[88.97531292155792,22.070973006739244],[88.96756387515234,22.065072758491624],[88.95420658354595,22.063218397215355],[88.94029298235209,22.05794156513484],[88.93724901226577,22.054597685733683],[88.93486231701496,22.040118100629506],[88.93561567206,22.024259446830452],[88.9415024300332,22.007547488815494],[88.94510887753972,22.00174142507927],[88.94611260922414,21.99512424156875],[88.94297967448362,21.98502944884005],[88.93041992784774,21.96499078151836],[88.93020058889978,21.95297427805951],[88.93263847734201,21.942642072184302],[88.94239111897075,21.93335584876793],[88.95791175230895,21.929314089931157],[88.96373703856726,21.933183225919063],[88.96561860394729,21.941095677196017],[88.96901092363284,21.943593204006064],[88.97324627987315,21.944291483479606],[88.97025058345353,21.93772998738474],[88.97243235322512,21.932311679700145],[88.97198445232614,21.92257288971473],[88.99454921777827,21.907483680046262],[89.0076499038271,21.902774702275213],[89.01298492553597,21.9091068588407],[89.0143817905314,21.920653872151586],[89.01220755043856,21.927657625864697],[89.00756525917116,21.932840661143814],[88.98843595948766,21.94478687131554],[88.98719837477522,21.94974703538764],[88.99249248451109,21.958819143428762],[88.99515225952345,21.962197958953844],[88.99854944178962,21.963653264717653],[89.00601023948172,21.96256982976284],[88.99929623284486,21.954310483983544],[89.00029764687582,21.948448765764102],[89.01045590210985,21.943691778091377],[89.02286007940316,21.93402805734663],[89.02382250205922,21.931522602031457],[89.03084537823686,21.928384658217464],[89.0373925344878,21.928171594765715],[89.0424899293461,21.93021011140585],[89.04720435173756,21.934312310732786],[89.05798460227095,21.936582481810987],[89.06404058936896,21.939533945112135],[89.0662043901399,21.94156155675308],[89.06885678189892,21.948810251669553],[89.06641041246209,21.968702808808278],[89.07246821236036,22.00173615036651],[89.08044651780955,22.001786117288393],[89.0784813614974,22.019408016204192],[89.07457545340438,22.027996557664228],[89.05490583863701,22.046962824958737],[89.05233220038234,22.05352541630389],[89.05049271478514,22.06639473024355],[89.04245870660179,22.091719041732404],[89.04244427426842,22.10121294291949],[89.05090010974963,22.114818842619915],[89.07015747954826,22.130389542989573],[89.08703345056297,22.140438185474387],[89.09310075014534,22.146338174473648],[89.09466854747137,22.148799280981326],[89.0956206368067,22.16035895742422],[89.09307320869708,22.16283812814499],[89.08822247324944,22.161701566205146],[89.07925616920973,22.15196458189164],[89.07123634811967,22.15645085541969],[89.06805993851268,22.170028730464562],[89.06873782429405,22.19379572854461],[89.06509070107147,22.207109976728887],[89.06021686454802,22.21457319304834],[89.04515778560275,22.225386947401777],[89.04149627226765,22.23057168564017],[89.03320787107727,22.259309784880546],[89.02907735721378,22.262239354167296],[89.0167011453736,22.254509252310193],[89.01283609715125,22.255641948476256],[89.01307081615522,22.258606285355473],[89.01995563025686,22.265040385580026],[89.0211206409758,22.26835636015469],[88.99934378157116,22.28230602466825],[88.99506724206665,22.28736199901446],[88.99529066655255,22.292994258305168],[88.99955685027844,22.296725499518544],[89.0114810253761,22.297860271648947],[89.02281236718346,22.294417045798635],[89.02508057285169,22.298488231007784],[89.01620513699619,22.30722326977373],[89.01171898190834,22.313989635422356],[88.9996880141914,22.324733561424832],[88.98980076989882,22.322757101358906],[88.98465054511865,22.326448677788477],[88.9883846531085,22.348698642850177],[88.98653285250708,22.357835278625963],[88.99062727296081,22.366185063420108],[88.98552688491597,22.37048251758911],[88.9840897403615,22.377648060722088],[88.99120178870412,22.386598223144016],[88.9917844647435,22.391106950631144],[88.97863194410613,22.40254755196977],[88.97361871869498,22.408213918769693],[88.97272547709562,22.41124658344204],[88.98318174303522,22.416576451691082],[88.98925055358393,22.42316725751526],[89.00059445114401,22.429402746324158],[89.0001870957054,22.432351377896346],[88.99000375411872,22.443653254749602],[88.99115633574738,22.44923065941576],[88.99444858939844,22.454602539634198],[88.99674967520271,22.468861942705406],[88.99574769702973,22.471827472976177],[88.98106140455437,22.48525968460798],[88.9743460190035,22.497484749465155],[88.97263974368153,22.515150983371587],[88.96563568002253,22.540861874372283],[88.96217324233751,22.547358528886875],[88.95839317563939,22.55255925293178],[88.94740826013819,22.55582386538461],[88.94402585246353,22.560461022850326],[88.94536339631088,22.571148136699254],[88.93978848938687,22.57902821270694],[88.93888955965511,22.58730574575916],[88.94433886233945,22.597464356829843],[88.9560844936811,22.607924356590665],[88.95937749832378,22.614067715940678],[88.95623081127457,22.616869166884534],[88.94173265476581,22.622674745886055],[88.93611326506556,22.626599517190638],[88.93216081705428,22.63223405348134],[88.92611995668737,22.64977713552529],[88.92883532933097,22.65031376047661],[88.92964695180027,22.653679429189413],[88.93318550912922,22.652008696820324],[88.93546952784136,22.655536667749374],[88.9337155950969,22.656996202807772],[88.9365620993141,22.6590103038524],[88.94173571802091,22.659369501147037],[88.94480649653025,22.663856556317036],[88.94789918944097,22.6783060717915],[88.95474445161895,22.685776171061672],[88.96198765668802,22.6854174465515],[88.96056402010048,22.68727293846211],[88.96263879872508,22.69330857051234],[88.96052743351558,22.698327655552816],[88.95477648194871,22.70515772980192],[88.9521250415056,22.706804235970168],[88.94859076015742,22.70609023410237],[88.92812633938287,22.717790636969532],[88.92570415169519,22.72752338297638],[88.91831817827631,22.731648124190585],[88.91650216655583,22.734545673916962],[88.91667961526547,22.744420655051005],[88.92072926278708,22.749824152296064],[88.91997515585219,22.752179558255065],[88.92205263930408,22.753030721178515],[88.9182291992491,22.75574188176927],[88.91367793516777,22.755082155087727],[88.9122301931879,22.75857152412944],[88.91945692854456,22.770500238718682],[88.9262386780353,22.76994458550983],[88.92664404460389,22.774196935888455],[88.92469394046263,22.77964882481625],[88.92983298121752,22.78001536436216],[88.92948868302025,22.78305250047407],[88.936407950208,22.78195323134199],[88.9364073582182,22.790441147527417],[88.93908661858738,22.791205947279906],[88.93886710806122,22.792939522280893],[88.94401043288168,22.790094716145852],[88.95015317028667,22.797468577831744],[88.95308189999676,22.796137957949203],[88.95915458497926,22.7967575406821],[88.96074489588294,22.807015324626107],[88.95642393917919,22.808580481716803],[88.95618479597249,22.811546943119257],[88.9602048332257,22.814146701020576],[88.96424102398437,22.819730067698966],[88.96530815426996,22.830475490676715],[88.96950296504991,22.843997793805286],[88.96317140177223,22.852822948741668],[88.95880902195408,22.85612507146859],[88.95905985134436,22.86013750927624],[88.95684872642592,22.8632388005724],[88.95374396195443,22.86398471886779],[88.95407550137969,22.867217403261424],[88.95026588100706,22.87256254699882],[88.95000130469799,22.876757609442585],[88.94593673526117,22.880207832827484],[88.94253499224834,22.879679327686944],[88.94003757874044,22.87469663022637],[88.92772815664162,22.872034858824854],[88.92340065211775,22.87921341173413],[88.92072828542007,22.879010607090162],[88.91788839459998,22.876358844705532],[88.91536593067208,22.87994828273528],[88.91242638075437,22.879041384644225],[88.9128998108754,22.877883407367772],[88.90948703385592,22.879010895109896],[88.91202507636748,22.88045345830757],[88.90949664672776,22.880754053036558],[88.90863699044189,22.88434728698345],[88.90571680550678,22.88510903234979],[88.90787219804669,22.885905221505332],[88.90576103765305,22.888234065478972],[88.90605322637734,22.89170898965835],[88.9075305678458,22.89147011680339],[88.90777022129562,22.893301272618597],[88.89684158973856,22.897023368073302],[88.89949562990613,22.899432710091126],[88.90158546788818,22.90502577832604],[88.9001363164516,22.90808610497483],[88.89662859828638,22.910242912457058],[88.89881939702487,22.910677365656696],[88.89737454762022,22.913073133458518],[88.90736103419215,22.914125466361856],[88.90971261160357,22.917784092504373],[88.90633154241864,22.922743042938244],[88.89131645936274,22.927921985797692],[88.88795291900398,22.933151624447973],[88.89378460575871,22.938253716132646],[88.89322572070134,22.943711372369002],[88.89539431667924,22.95110830941501],[88.89430061422757,22.95310982178667],[88.87947933730435,22.95490392499402],[88.87532105202385,22.948850107183844],[88.86884116251966,22.95214852120091],[88.85999373793139,22.943637087131833],[88.8558337449535,22.9597436504526],[88.85764421317039,22.967909214714957],[88.85911280504803,22.969945581710164],[88.86990412552065,22.975737405557766],[88.87166541726391,22.978190211527192],[88.86705460026913,22.983132305626686],[88.86518675665508,22.98987480462613],[88.86648635656312,23.000182935040154],[88.8616211618327,23.003451294413477],[88.8514497893989,23.00299679606431],[88.84612966984231,23.009404901828407],[88.84717324270785,23.010022278175793],[88.85596172703374,23.005815479423756],[88.85667622455283,23.0078220323972],[88.86973039403962,23.006770230699036],[88.87167124912672,23.004318145560877],[88.87631620120399,23.00286601996913],[88.87941612734939,23.006015595375676],[88.87936959282105,23.010230048569664],[88.87331665460509,23.011353889341205],[88.87316057232448,23.01432920051578],[88.87092712966115,23.016950606846226],[88.87669984740735,23.026407186266688],[88.87782595568459,23.024210184923287],[88.87998114879848,23.025703503216825],[88.87929017007183,23.031796234112697],[88.88144619233071,23.03658785899166],[88.88299356466213,23.036912636911527],[88.88336386549362,23.04065990710871],[88.87431238858855,23.04498045224657],[88.87324356318203,23.066013965578616],[88.86875446521329,23.067738188517126],[88.86625260684134,23.07170371468545],[88.867525334546,23.072529061747595],[88.86054266516383,23.07739690652355],[88.86462982363679,23.07715872873964],[88.86303319398341,23.078972467876063],[88.8655132098192,23.079953515383014],[88.86526753047046,23.085277513551087],[88.8699233297048,23.085624217630066],[88.87099616698735,23.086733376931054],[88.87005505506478,23.088435146445494],[88.87379485118703,23.08916730180075],[88.87269641281719,23.094997784442185],[88.87119598195096,23.095371315483842],[88.87144973086588,23.09711872909004],[88.86863881340867,23.0973610699678],[88.86756649714897,23.09999309302588],[88.87651182373018,23.103927626411053],[88.8782442013994,23.10300538530088],[88.87928926187507,23.10450824030391],[88.88044695851096,23.103568773020342],[88.88335046173125,23.104607881677374],[88.88098088926805,23.10854286484547],[88.88219679853098,23.110063410209133],[88.89094298298674,23.107781014194387],[88.89617693075141,23.112194291789567],[88.89913562825939,23.11199355782558],[88.90520232237725,23.12456011763825],[88.90931230883821,23.127110482261585],[88.90966368845487,23.12940112789005],[88.91675388078664,23.128851961063447],[88.91900026368165,23.139865883378235],[88.9209015605569,23.142859137069838],[88.92252371583909,23.144254103251377],[88.92982550364108,23.14190662676924],[88.92988252959366,23.14593527982247],[88.93100954786428,23.14534783317773],[88.93153423944868,23.146959361722075],[88.93153774467491,23.155512177671405],[88.92990741023206,23.15719944222402],[88.93054815696468,23.159265496428343],[88.92695559920905,23.15991455026615],[88.92708898106243,23.16185814067455],[88.92769274235815,23.163022173845555],[88.93345307233656,23.16124478146173],[88.93271749584932,23.167824994252225],[88.9346420905315,23.171582571215286],[88.9374518671283,23.172898458916986],[88.93860002635081,23.176318688660142],[88.94287004139143,23.175574216899594],[88.94555147388695,23.179882329086446],[88.95616728870588,23.18186915263396],[88.95844162178265,23.189531872792394],[88.96432700713011,23.192742272091614],[88.97474187061664,23.191362714553094],[88.9753308124051,23.181095485393826],[88.97963408307754,23.18191657334446],[88.977794465428,23.183026206566048],[88.97735504013373,23.186636733965294],[88.98068186275357,23.191815088139617],[88.97948169916094,23.193297596941797],[88.98138206717819,23.193932847488725],[88.98455301053666,23.201256351542444],[88.98667722165472,23.20231199382353],[88.98539235411732,23.207047400589293],[88.97993160779458,23.209136568610433],[88.97908611255086,23.21257729917449],[88.9831227012632,23.215591619629038],[88.98614570916236,23.215565451312543],[88.9909006383866,23.212433598400303],[88.99440384611079,23.21415507656661],[88.98835403582869,23.21494605814013],[88.98233568454782,23.221395609371783],[88.97931488201267,23.21480592477637],[88.97856073195861,23.21675113252848],[88.98015133481475,23.22171362146564],[88.97494429249117,23.22351080315109],[88.9738529517104,23.222163431399885],[88.9782608877915,23.215227935131814],[88.97780080933053,23.21376954969977],[88.9716950501759,23.22185233838823],[88.96984408860096,23.221938336335704],[88.96422439167691,23.21724535403692],[88.96314983501888,23.214111550021276],[88.95156491138323,23.210558130486607],[88.94562682097973,23.20600781800666],[88.94210367065622,23.20565198896652],[88.9286467118674,23.21115667933023],[88.92832739761481,23.21573796875667],[88.92662738804192,23.21722165118727],[88.9225482479312,23.215458605074573],[88.92223361569788,23.217783694311123],[88.9168658270407,23.21884553391939],[88.9206441581937,23.216442103222697],[88.91705712867035,23.211882108701506],[88.91405447749385,23.213003679829146],[88.9132427894475,23.21492419427721],[88.91513711270122,23.217073782989253],[88.9157535034115,23.221258841904852],[88.91574221877492,23.223132496135207],[88.91429134257301,23.223448118315655],[88.91444766380549,23.228130676156884],[88.91164533064911,23.230578300940778],[88.911579672785,23.23355309707835],[88.90623168299672,23.23571593570035],[88.90531553615422,23.233928825533745],[88.90394003848613,23.235347115555303],[88.89889565051776,23.231227128404726],[88.89558098839193,23.232320404932782],[88.89412584070085,23.23053243537194],[88.89193336750265,23.23168463275755],[88.88611590107891,23.23085250096712],[88.88554573857142,23.22616183217996],[88.88441042076592,23.229051378138493],[88.87501047298909,23.23174934274847],[88.87434303820771,23.233379801122165],[88.86158804633807,23.233661350289157],[88.86066614848112,23.23156064763059],[88.8591062329734,23.23423479483001],[88.8549072189762,23.235761507277797],[88.85119110783474,23.233237354330704],[88.84984664965465,23.230206236469208],[88.84520167601782,23.23009325619217],[88.83869902679764,23.237164530229023],[88.83666374170619,23.24269386261375],[88.82783621030985,23.233924294563852],[88.82321671379277,23.232937284856675],[88.82211059392894,23.23664572553299],[88.82791998359998,23.245009361851757],[88.8150216897813,23.250627984263282],[88.81076929968657,23.255874657679268],[88.80919014136711,23.25187420811548],[88.81009622258688,23.24763772732129],[88.80588633987307,23.237446464321742],[88.80660851978449,23.230863370096667],[88.80913404157764,23.228060148764982],[88.80835054985145,23.22474716435702],[88.81106875757808,23.221033206236115],[88.80550104256623,23.218712038828443],[88.79283185867087,23.21964722236989],[88.78951604939643,23.218145703390622],[88.78778077106715,23.22201009866301],[88.78314699133706,23.222277481677363],[88.78277886712353,23.22096555789409],[88.77855568754688,23.220438744350055],[88.77720796668568,23.223468766431115],[88.77388194895634,23.224329352971036],[88.77291766858427,23.230603233867456],[88.7759062674148,23.23050943158993],[88.77511924261462,23.234083737724866],[88.77747219714335,23.23566415835269],[88.77523770434942,23.23820554840352],[88.77335313500309,23.238240334797467],[88.77313793639026,23.241191214501118],[88.77109300878254,23.240921524352945],[88.76717374723282,23.245354271720323],[88.75945666019014,23.245438554217245],[88.75902256909202,23.241514817857194],[88.7518474051175,23.239634726595703],[88.74529644719628,23.24465633083339],[88.73388771283224,23.24759909958757],[88.72406439175695,23.25371611000207],[88.71855641560981,23.254811112893695],[88.72346549843178,23.27224357432158],[88.71400425141658,23.275156180917186],[88.71083343831383,23.278059153266856],[88.71106186821248,23.285565105746493],[88.70849103539639,23.289974409546083],[88.70545787833113,23.291808413245743],[88.69741429680178,23.291529798851247],[88.69581635021821,23.302202942657445],[88.70830684303391,23.312638868163848],[88.71059578271718,23.312660251540564],[88.71201489898225,23.310807756928604],[88.70733751143499,23.308980885720523],[88.70635291206953,23.30405061520685],[88.71399278801526,23.30581880129895],[88.71932123136125,23.3038763548791],[88.718727053293,23.297848987764247],[88.72538288413377,23.299170094555667],[88.72688454479362,23.301824163430307],[88.72657034824321,23.314919832222586],[88.72432620844147,23.317723849687642],[88.72962896446192,23.31940830714487],[88.73133604377611,23.319093684364557],[88.72833769193656,23.31275200037736],[88.73204091854193,23.3073594670842],[88.73933275929879,23.30461182122838],[88.74505161675548,23.30773416326666],[88.74556434637357,23.314610355667444],[88.74933683488398,23.321382439594238],[88.74280352975637,23.327768158941634],[88.73256133594221,23.327663525903237],[88.73529607716165,23.338471786593395],[88.73887502993229,23.34355305691015],[88.73666621278579,23.346143027704464],[88.73320437337878,23.346816581850867],[88.7317625674663,23.35108315172572],[88.7337209504812,23.353088287380004],[88.7446220055557,23.34840377917775],[88.74621872953219,23.350600195407036],[88.74358700980447,23.35455230279291],[88.74632269784823,23.356448114447346],[88.74570212458195,23.35903009637847],[88.7475150308265,23.361689242885955],[88.75119178587707,23.36212400149922],[88.75608254216891,23.35981338758547],[88.75867492107709,23.36009805879211],[88.76549318618582,23.367843474118956],[88.76339872726994,23.372867559218086],[88.75856438068641,23.374612359095565],[88.76010091214896,23.375907969945715],[88.75942512752701,23.379743325159744],[88.76254560353284,23.38651582153569],[88.76029891970221,23.386474263401514],[88.7595551999869,23.38448726757588],[88.75345111529195,23.388754343871692],[88.75240367158585,23.39123170244166],[88.75401786689629,23.394418876722707],[88.74993307548414,23.396249474349396],[88.74910419278494,23.39982138334938],[88.75089172341934,23.402094495239314],[88.75268854982032,23.40168689396141],[88.75661708827198,23.403837017381466],[88.76093355070435,23.408252824364688],[88.75993958460539,23.410856329433184],[88.75917864598273,23.40994976098816],[88.75770562810573,23.4116766133242],[88.75816027625078,23.412859113297834],[88.75425972750675,23.413945745295774],[88.75403240702748,23.415467254487993],[88.75793982698511,23.42485643245756],[88.7597240931418,23.423591460299765],[88.76082924102849,23.426115885565746],[88.75931384243299,23.428624783963635],[88.76205660291299,23.431857800938303],[88.7608431936615,23.43261947055849],[88.76394345398015,23.441146154083125],[88.76405375002903,23.444853320906578],[88.76272142359689,23.445188207001628],[88.76455248120006,23.44594563126386],[88.76411161770302,23.447783894889266],[88.76718354695426,23.44825778001164],[88.77047796285022,23.445734159184376],[88.77176219797367,23.44816519778885],[88.77299898138887,23.447748080441716],[88.77143569989376,23.446071191594964],[88.77365701440246,23.44365072635444],[88.77651632500233,23.443790671285125],[88.77840819495702,23.441306053310704],[88.77930889975978,23.442204499728973],[88.77950544485576,23.44089690966052],[88.78179230224418,23.440852891946843],[88.77836010813985,23.437120145885636],[88.78033780134014,23.437310757226488],[88.7805408484421,23.436173474315407],[88.78247743383666,23.43649558908926],[88.78126050139264,23.439199737116454],[88.78292694990654,23.439666570799282],[88.78394550379312,23.43809481519698],[88.78400972435277,23.441112690036807],[88.78277024150017,23.44148853884769],[88.78471579836946,23.44401055948796],[88.78717770596579,23.4425632249988],[88.78741047562553,23.443933742103503],[88.78903033571218,23.443711232942167],[88.78906493432535,23.44215462342435],[88.7869159800111,23.441503453107767],[88.78822176302326,23.440777766414264],[88.78994398703485,23.44059086393909],[88.78998532301262,23.443268694227086],[88.79167208333342,23.444034118062966],[88.7925999900213,23.44186320802342],[88.79487006688025,23.442899430618432],[88.79282285306014,23.443750959124976],[88.79393068780787,23.44696700544816],[88.79224510787336,23.44836047014385],[88.79047332021432,23.44707866899173],[88.78950115173576,23.44874467148976],[88.79103234271392,23.449279190711533],[88.79000690144406,23.45244752516548],[88.79219900004477,23.454766122342345],[88.79051177080342,23.454734206918307],[88.79027667810033,23.457833923508208],[88.78890381429262,23.458235954068517],[88.79196361359256,23.46051839800023],[88.79015833134984,23.46014729634725],[88.7895885928472,23.461776262792608],[88.79138174693526,23.462706257688456],[88.78923893709756,23.463480194898548],[88.78952561375925,23.465276625034885],[88.78790487422197,23.46519471105551],[88.78883164993088,23.466105452518157],[88.78709964506254,23.468516400934185],[88.78949093070445,23.4699332465578],[88.78924863620769,23.472632035535334],[88.79356010221045,23.48068716314029],[88.79891178227793,23.48165180670564],[88.79884309888796,23.484474388484458],[88.80114571721806,23.485314935647164],[88.79433107321822,23.485274290139643],[88.79980777182377,23.491472220738657],[88.79757831498533,23.493113902144167],[88.79766870257092,23.49547983757012],[88.7997983817341,23.4964964612818],[88.79306287212428,23.502060710818682],[88.78954925202764,23.501289792667553],[88.78639336173838,23.496715453499455],[88.7844175558985,23.496566277643783],[88.78305462566124,23.49992926755378],[88.78717491939175,23.504784894300933],[88.78650777027464,23.506677781059604],[88.78604545321197,23.503987285833933],[88.78309127961977,23.501135788743948],[88.77163775256074,23.497006307047663],[88.76871171869477,23.491085252831734],[88.76814291444003,23.48895902928995],[88.7752595720384,23.481408808298493],[88.7746486655429,23.479326545682113],[88.77020853743527,23.47867309756884],[88.76671761776585,23.480299186397694],[88.760773158307,23.489142526586456],[88.75695658138078,23.48802385678088],[88.7566182542852,23.48641948547324],[88.76169459263328,23.479826604407933],[88.75861038970032,23.477106719469873],[88.75311225639373,23.47811424677083],[88.74596456379896,23.482325325573647],[88.74253207414888,23.47918224764535],[88.74246228852603,23.4808930613824],[88.7406109388789,23.48013651241987],[88.74338519878431,23.48241781957279],[88.74170666164163,23.486305905050635],[88.73123243029464,23.49542590175243],[88.72959665745104,23.49482755532924],[88.73057626577679,23.502027734252778],[88.72386388329399,23.512444887757066],[88.71757612995434,23.511701733440713],[88.7140647493577,23.508576355010504],[88.70432821991191,23.517412297182755],[88.6971571280006,23.51617896676695],[88.69493438157731,23.518616705260417],[88.6953960994637,23.52587881029125],[88.6914351560848,23.524702118744205],[88.69151482137912,23.52917671910406],[88.68908878710539,23.53067567220808],[88.68429889904357,23.52840198567108],[88.68274695698227,23.52898386844931],[88.68592187718252,23.532691879040854],[88.68593878167954,23.537502172973607],[88.68254115115406,23.53951297721058],[88.67889433964687,23.54527891950434],[88.67398380155419,23.548837813625664],[88.66734576274592,23.545418500456485],[88.66431053326731,23.546195109296036],[88.66347435984127,23.548133843104445],[88.66051550872139,23.54938116090741],[88.66016211957346,23.55315607130288],[88.65439060377311,23.556421782515894],[88.65402620577139,23.56010964820452],[88.65566570931831,23.56293200968438],[88.64877596256744,23.580878928050968],[88.65111811036334,23.585003876937353],[88.64579702421949,23.588068362061573],[88.64294966121288,23.591679952159748],[88.63853071717627,23.59123809903838],[88.63810119041811,23.597337464823383],[88.64269701632743,23.601030590549957],[88.64356632680767,23.606336866150784],[88.64625585042896,23.608085093053237],[88.63802798850224,23.61036355499943],[88.63687005650776,23.606282137839717],[88.63304866730655,23.60865700878047],[88.62892007404112,23.608373718170224],[88.627632107316,23.606546022470198],[88.62168986579759,23.604506049464256],[88.62094853470265,23.602315320254785],[88.61808578086026,23.601568196754048],[88.61407295618042,23.603173829102552],[88.60565489216198,23.599723015595536],[88.60504875212736,23.60122402446119],[88.60762775242603,23.60267468203337],[88.60830163351788,23.60151579850206],[88.60883908656922,23.604031735540385],[88.60154970719621,23.60619995108029],[88.60628428688433,23.609129825168637],[88.60532171870118,23.61008816590717],[88.59644377295282,23.60476230539739],[88.5963574331759,23.601270722345305],[88.58553246360935,23.60235482902555],[88.58383685039146,23.60365867763513],[88.57991164199457,23.602283276785762],[88.58121327119683,23.609244492238602],[88.58347686042282,23.61024277890107],[88.58485994616014,23.615557279585342],[88.58656726981607,23.614428051534727],[88.59335399687184,23.616523348954516],[88.59278966443055,23.624927177540798],[88.59162253817915,23.62499283607775],[88.59216974154458,23.626904005479883],[88.59472655974392,23.628014807521005],[88.5922418178714,23.628671231905912],[88.59401341329095,23.630624218917546],[88.59268164471261,23.63311620819776],[88.5936465098879,23.639967157868664],[88.58806668289108,23.640539286629487],[88.58529329704643,23.638278135048875],[88.57588666310895,23.638068520805916],[88.57097948471541,23.635410292458985],[88.56238119170152,23.636367627063482],[88.56313954856606,23.64504302813471],[88.55805474000319,23.64871827599771],[88.56253569564217,23.65697290491941],[88.5656859238502,23.65645035757736],[88.56968934137234,23.660349559977078],[88.56999295307375,23.66637973127495],[88.57397475353693,23.667826115288243],[88.57138173323166,23.671855473521333],[88.57455395489279,23.676428532083975],[88.57252995623453,23.684821839507592],[88.56727616917685,23.686112828231956],[88.56815379715829,23.697945822797312],[88.56476434399684,23.712444254126087],[88.5679381601676,23.714378958202346],[88.56909289685463,23.72774626608657],[88.5742111829332,23.728621636806643],[88.57387994624015,23.73209510013436],[88.5769987891088,23.734627767073228],[88.57448741398473,23.737789950136932],[88.57322253036916,23.736394068070183],[88.57388974416496,23.73368130501186],[88.57178509476053,23.733753212160163],[88.57248152446434,23.747077019952947],[88.57091761235192,23.74608534740546],[88.56999674755752,23.747087178112405],[88.57351459332928,23.748527425910023],[88.58052206609473,23.76020563495205],[88.5793170884305,23.77454483090065],[88.56877233484212,23.775311380969693],[88.55983685020314,23.78055822739666],[88.56059191923377,23.78326046909278],[88.55643201159586,23.78349328615741],[88.55975819192027,23.78490310519726],[88.57234265210793,23.782302380268632],[88.57842825216925,23.78571581351557],[88.58318118982854,23.791251847763625],[88.58184025214604,23.796507117716462],[88.58650366999227,23.7960746953611],[88.5913346011811,23.797487013885213],[88.59261316524017,23.799832227205435],[88.59129094395662,23.804080980162077],[88.59602375935353,23.80476526384956],[88.5874650101784,23.810038614581526],[88.58763895276353,23.813340741781488],[88.59010438624729,23.812339732055417],[88.59006010199874,23.810916903267508],[88.59359293077111,23.81119355929534],[88.59374564167446,23.808509625356873],[88.60225552159977,23.81668927105909],[88.59976276046675,23.821580508181235],[88.58895834704886,23.827482892145422],[88.5866112585189,23.831028022718474],[88.5872557844639,23.842934008865722],[88.5885270038972,23.847203159170096],[88.59151925976926,23.850577679968566],[88.59110324457127,23.852847404433724],[88.58303216201783,23.854937869410524],[88.57798484284672,23.85021621733929],[88.57631484598745,23.854756408992966],[88.57749748075393,23.857692936898424],[88.57531931053168,23.86092393413881],[88.58211905417593,23.862267829146088],[88.58238137212035,23.866298397054933],[88.58403671206746,23.865771957637776],[88.58455480013619,23.869649796915215],[88.58618976180107,23.869193668802158],[88.58745430136192,23.87131832656111],[88.5911731110425,23.869536674828556],[88.59851243854192,23.86925359850075],[88.60749050512194,23.862088125565975],[88.6098554090406,23.865594486024275],[88.60949792177836,23.87303641472247],[88.61642504742818,23.87605069645543],[88.62369036991785,23.87480192858733],[88.6246504632424,23.872349207823643],[88.62287238468141,23.86794740441866],[88.6256645228576,23.864837895861058],[88.63119124055652,23.86588239012034],[88.63664950393583,23.87093441427159],[88.64133092851193,23.867653379857156],[88.64182175720339,23.869069452167246],[88.64568672457732,23.869861322342334],[88.64968994536844,23.867393281566404],[88.65279578691995,23.86755902881404],[88.65380598827106,23.865864364659167],[88.65425206918326,23.86923414084144],[88.65796175108224,23.868678327946107],[88.66101002140384,23.870830668784446],[88.66731259694565,23.86974498927377],[88.66303402185868,23.877985858289218],[88.6639819421128,23.88232818364156],[88.67528237468787,23.883800662181603],[88.68185625222526,23.888169844838515],[88.68815012668523,23.901360562919947],[88.69993142204197,23.89883697832193],[88.70028330202024,23.90123411289283],[88.7039989945468,23.899339156131887],[88.70516663373624,23.902077371355315],[88.70328531179965,23.900588312171543],[88.69959033532186,23.904880753676537],[88.7003070678494,23.906436061917937],[88.70267931010561,23.90552624058925],[88.70350336975001,23.90733375367293],[88.70098003355797,23.906743771460317],[88.7014165752602,23.90831039033507],[88.699118655119,23.9083118463856],[88.69923839964807,23.91076368986328],[88.70451579892303,23.912834677388478],[88.70623864546707,23.916140987576163],[88.7124372859305,23.912812999991978],[88.71479552614639,23.914450100051816],[88.71467829240855,23.916135862555855],[88.72233272106186,23.91639182344429],[88.72466407739624,23.913089898341298],[88.73015873332433,23.91398519442655],[88.72950529788834,23.911217812181665],[88.73301230279125,23.911063892203316],[88.73283009031563,23.91327003695244],[88.73544649556439,23.915233460821554],[88.73289668602091,23.92257971084081],[88.73547046441281,23.923166314011635],[88.73412316935307,23.928257427135406],[88.73693882362676,23.92900550262701],[88.7346861839658,23.933101150982214],[88.73645070245757,23.933517112483994],[88.74323378864149,23.929850080821257],[88.73996655756265,23.938386033069516],[88.74128730560912,23.93921476131316],[88.73848640077405,23.949606094135444],[88.74195201041036,23.951645526561606],[88.73460677648794,23.956073331508097],[88.73313190808143,23.95779503550043],[88.73493678338737,23.959546470376743],[88.73226261916078,23.960902958918844],[88.73578090600532,23.963719115986937],[88.73697435918278,23.969643179522627],[88.736225703225,23.979216125340102],[88.7383212005933,23.98266233924875],[88.74334333549544,23.984765190790377],[88.75049079362996,23.985108887991736],[88.76553853942957,23.981199225979676],[88.7689130158786,23.982615968628647],[88.76274712260052,23.995566815997304],[88.76057479681752,24.005890259055278],[88.75123527242167,24.00663631426216],[88.74533116977695,24.005465089887846],[88.741479060888,24.0030786881031],[88.73592196216617,23.995373929763886],[88.73117333462368,23.99464831574172],[88.72866377229985,23.995999922634134],[88.73114682533964,24.01283834956648],[88.73440296491965,24.016287661843194],[88.7347434830062,24.02244025474468],[88.7427599030746,24.03515273196317],[88.73480226965668,24.0377239039373],[88.73809525543473,24.037845199200284],[88.7392788828396,24.045988575162735],[88.73320538578008,24.051104530386887],[88.73077570793956,24.04993755281797],[88.72683297610641,24.052694589691498],[88.727163123143,24.05535122437969],[88.73052100231885,24.05865647613888],[88.7376849265725,24.061412573558588],[88.73394339670176,24.066257142039525],[88.72739064304827,24.06429636196925],[88.72340369883179,24.068637985704946],[88.72400348418405,24.076477900855377],[88.72865547635818,24.09067417875914],[88.72858966937376,24.099068604678894],[88.72709476134989,24.102378058804348],[88.72420137226139,24.104327897556296],[88.7193277692999,24.104637465368498],[88.70366469998855,24.094650694951596],[88.70098990694127,24.094701064696924],[88.70120180604206,24.10821358110932],[88.69901056802738,24.110224540914245],[88.69508735658538,24.11032255985144],[88.69443247126851,24.112015665811114],[88.69709891178026,24.11907410218621],[88.70084856511616,24.1218411715235],[88.70580732028172,24.12017586579289],[88.71370354846005,24.1228685740386],[88.7468053392942,24.14781638622698],[88.74394844246744,24.15150348019021],[88.74038468110659,24.1636122013453],[88.73258080962091,24.171100402494],[88.73160827732465,24.174338562555075],[88.73463158615945,24.20816687146928],[88.73627301749103,24.210794918854287],[88.73485649196726,24.22397105099626],[88.74128909505316,24.254030118288988],[88.7373067888385,24.261268142627056],[88.7377618744631,24.267985961390146],[88.73519328294368,24.272629498020724],[88.73542514350842,24.27605273264356],[88.72605206793497,24.29630018599786],[88.68345419611391,24.32437009958799],[88.67682065517029,24.320118720193754],[88.66244795737406,24.305851986595144],[88.65179007265375,24.299501912114916],[88.650708949311,24.302740812029473],[88.65191054661483,24.30452270422279],[88.64985631156243,24.305035112542733],[88.64851155783663,24.310798007462868],[88.63480488267015,24.306412701860253],[88.63191819950525,24.307497490707682],[88.62868873360094,24.305566520625952],[88.6232160316001,24.315393941176893],[88.60642014808789,24.315012447609025],[88.60550919620266,24.31003603286751],[88.59793679451458,24.311124394450808],[88.58764870038266,24.314739617381793],[88.58645895185742,24.3244597117087],[88.56718016442579,24.326265131880227],[88.55919595884178,24.30812753312683],[88.54798192623076,24.312589581582728],[88.52530666081216,24.315372145200726],[88.5135314766943,24.32111723265563],[88.50572229347036,24.322905918735074],[88.4960623274362,24.328767629538202],[88.48547959487426,24.341653139240954],[88.48123962309,24.35234288021258],[88.47928815530612,24.353442205695334],[88.47346338557911,24.354819772992705],[88.4408530962746,24.371765407961448],[88.42233762350955,24.374893785797134],[88.40050091564575,24.389186980513557],[88.38251774589052,24.395592548328423],[88.36403194178439,24.41002930495981],[88.34159896906591,24.438167045701782],[88.33491564169262,24.443090506153737],[88.32811256080713,24.445935662683773],[88.31418377898329,24.447109235908762],[88.27781408243554,24.459443180060937],[88.24304227677585,24.461103760885052],[88.23409640940885,24.46585791067873],[88.22115590734822,24.468187387708152],[88.208026970182,24.476262379202744],[88.20146960008624,24.473933035234996],[88.1897151113559,24.476233421924846],[88.18748059700239,24.484357699773803],[88.1831282091452,24.489371297521487],[88.16479692335277,24.49629412661029],[88.15604757592885,24.501286597157716],[88.14226854056794,24.50572866827518],[88.12393321954323,24.516967246242263],[88.1059271858674,24.556217000363233],[88.11001295913819,24.561452030400506],[88.11046832413886,24.56427768282733],[88.10883295463888,24.577611470969213],[88.09687249658688,24.593475994108417],[88.09334716695051,24.60661830330363],[88.0895506323366,24.61401559049614],[88.07737979962486,24.631198669205343],[88.07106700395006,24.636869132590537],[88.06062278172344,24.640298014977336],[88.05074069915048,24.652554209705297],[88.0539099824223,24.661753117719964],[88.04868117661434,24.670754735947693],[88.02441569371685,24.688135386490416],[88.0414974705598,24.70539258408738],[88.05011114093475,24.711729789951765],[88.05200858583407,24.710514840748203],[88.05440680916495,24.715037131862676],[88.06165963159744,24.721869055911633],[88.07060618078575,24.74376287978668],[88.06460695194232,24.75122353397011],[88.07334494016946,24.7611586341045],[88.06775959572015,24.764203663044295],[88.06978944510583,24.768463736649075],[88.06812692402636,24.770616349236104],[88.071172553301,24.77327865456279],[88.07637902070282,24.769824583769008],[88.08798295538483,24.7830529243968],[88.09479025925047,24.780399504227237],[88.10469929757018,24.77984660011717],[88.10423277549368,24.80095133256838],[88.1106837221777,24.813761848574106],[88.12208655011874,24.82313000674651],[88.12960525501072,24.80567414663071],[88.13541437608549,24.80543691735501],[88.13349487664762,24.820034332846845],[88.13401088601482,24.828739811139567],[88.13235538976089,24.830440863457206],[88.13141860592134,24.83615219267343],[88.1373792287671,24.83350018940233],[88.13991090581655,24.83422418303281],[88.13924293294434,24.837316333459853],[88.14107907501204,24.84181168346216],[88.14633840467502,24.843475096830048],[88.14430773872078,24.84443992638491],[88.14425561667136,24.848158898677735],[88.14083296267533,24.848768374318688],[88.14053778705275,24.850010394057705],[88.1450758216449,24.8499368128714],[88.14533848184745,24.851767218696743],[88.1491516110396,24.849984344588158],[88.14929139698265,24.853301270881143],[88.15067568646244,24.849714777863177],[88.1555900190389,24.850473983544063],[88.16105022996574,24.849087833388868],[88.16341166279415,24.850544351138257],[88.16205443416399,24.858048648487742],[88.16894658390822,24.86097586785781],[88.1743937854331,24.861046945922542],[88.17439847014732,24.862231653652113],[88.16515455254883,24.863647969897567],[88.15838887391848,24.872254440115615],[88.15926827876757,24.874799130928956],[88.16303154696988,24.87667486221515],[88.1626504564735,24.878073616102238],[88.1601741461883,24.88054221922185],[88.15519881530908,24.881625981852487],[88.15419529113551,24.88404889495751],[88.15180199955557,24.88496378232513],[88.15685119800227,24.8925165783792],[88.15999210888417,24.889127666387537],[88.16735538726567,24.889821583980087],[88.16886445812831,24.892406657669934],[88.1647095756661,24.895190088471637],[88.16191395741647,24.893198651732565],[88.1607388595152,24.89729511213191],[88.1539036692482,24.899270167726733],[88.15431218531018,24.90283563836761],[88.14984455797506,24.909540320031017],[88.14660316873197,24.9124732038283],[88.14208219045214,24.914523745163084],[88.13999382391054,24.9140391472984],[88.13755627862476,24.923992773015048],[88.13860477964798,24.92745071653072],[88.13749045187735,24.936029718729877],[88.14483776090809,24.936591969474165],[88.1454542540263,24.934355604047745],[88.1488499450891,24.932728660212643],[88.15692739220634,24.93404018591073],[88.15907630250312,24.937776424001143],[88.15828226186056,24.94119331495231],[88.16209081772963,24.940332668839634],[88.16468645572563,24.9460784635417],[88.16831380253723,24.947532533330662],[88.17000107759269,24.950204964129103],[88.17458771912655,24.94861586881535],[88.17387731343354,24.946514184953497],[88.17495175690387,24.946392740691092],[88.18265533328467,24.952923499009838],[88.18752018306203,24.951494472705974],[88.20029181981553,24.95706854294504],[88.22588711925229,24.959824148366835],[88.22973707577786,24.956294686145643],[88.23527553715246,24.947165288101473],[88.25163157495882,24.93342791092371],[88.26324277341824,24.911071492665823],[88.26414554434616,24.89596421483671],[88.25807590375415,24.878311523586795],[88.26608832811617,24.878408068777315],[88.26827029102552,24.891017125001603],[88.27626569860112,24.898127213065944],[88.27741372307634,24.897037410671444],[88.27566388305632,24.892792454115934],[88.27722494391604,24.892150803894058],[88.27755059398629,24.88912704707624],[88.28225091192947,24.8909958104245],[88.28577811814648,24.887375932835436],[88.29183783325293,24.890254960962196],[88.29679749122533,24.888937053638106],[88.29809894974773,24.88545498671955],[88.30153309858615,24.8864229756781],[88.30071705640562,24.883262289154278],[88.2973845690096,24.881910722287174],[88.30179915621709,24.87553146697655],[88.30228946119072,24.87224975226682],[88.3046688531383,24.873403525759773],[88.30662155071578,24.87803845481271],[88.31178722472222,24.88045764147033],[88.31235937430309,24.882580130769817],[88.31608234947164,24.88223194724616],[88.3192580341382,24.88459215558072],[88.32079315794071,24.88441254043552],[88.32140037954689,24.882083528257816],[88.3211285484436,24.876565021128563],[88.32785317765872,24.871300671120782],[88.33357659137056,24.875067724493782],[88.3339813434915,24.879121985957436],[88.33827422963921,24.880623761266374],[88.34163749960508,24.88524200638881],[88.34178360070459,24.889978824499572],[88.34359583590764,24.89040648621289],[88.3437986772954,24.892982285984395],[88.34582564488564,24.894223679780126],[88.34271180563316,24.900058975032998],[88.33823705016624,24.900204019473833],[88.33330474140264,24.898363267313552],[88.33379874653696,24.905737170981215],[88.32695412395945,24.905202934165793],[88.32423854649996,24.91392115885046],[88.32543845766598,24.919089814885805],[88.32896597919165,24.917350206426605],[88.33005936094479,24.920251400950356],[88.335980608835,24.91877894519451],[88.33428932909004,24.92722527311935],[88.33769071996326,24.926811011843686],[88.33680276045774,24.93143300207636],[88.34074183794432,24.935554436169745],[88.34006760291625,24.940662859711217],[88.3495891205988,24.945155538058266],[88.35410359327935,24.94241215711867],[88.35714691029048,24.947674465130603],[88.35998510778626,24.949397421075243],[88.35854536350735,24.951983723796605],[88.36158537920979,24.952068073332647],[88.36323033912377,24.953638891664838],[88.36543300550547,24.953058448739352],[88.36353549502915,24.948933052914473],[88.36594001734677,24.948424658113495],[88.36449729245776,24.947317834874333],[88.36636609008269,24.945109359225647],[88.36916246381546,24.945879954978327],[88.3707883965134,24.94289611401594],[88.37585913117071,24.943723057641638],[88.38044577000962,24.939693104323155],[88.38663655201096,24.940016220123354],[88.38778887492481,24.94387294193369],[88.38914309330046,24.942231610420773],[88.39081230503217,24.943164517839485],[88.39360113201822,24.942039968694335],[88.39786052717555,24.945612361807424],[88.40086276422872,24.951221962542835],[88.39686743513737,24.95833275850029],[88.3984762791837,24.959421037776785],[88.3930243291642,24.960819566102966],[88.39333091698416,24.964113562736674],[88.39605332074149,24.9647493894536],[88.39458204739272,24.969859943262637],[88.39875528063959,24.972874469434682],[88.40250856766077,24.973490996966984],[88.40266808689564,24.971061563360106],[88.40575959133524,24.972926709493358],[88.40378955806939,24.974435684440945],[88.40468973286613,24.97944950669373],[88.40915228471991,24.977223811781837],[88.41097676126535,24.973495601978712],[88.41607279787094,24.973605214236635],[88.4160225901314,24.98008636646638],[88.41195765508024,24.982820856371564],[88.41329124364542,24.98371649539168],[88.4184175426963,24.982662442036126],[88.41557278480404,24.98533510098858],[88.41139376011854,24.986332840545565],[88.41371888214485,24.99432141622013],[88.41220848357219,24.997981783782617],[88.41951559389229,24.999464812745664],[88.41885707129684,25.00230416044888],[88.42198273687004,25.006753876462522],[88.42485363663543,25.007169040196942],[88.42734121718424,25.012529539095198],[88.42498956251771,25.016245135026768],[88.42968366501742,25.01190833106335],[88.42732873599167,25.00795157024685],[88.43024022343819,25.00829064624798],[88.43405045466525,25.005754078531574],[88.4366436384639,25.00702338412469],[88.43423871190441,25.00738529415827],[88.43677735898216,25.009132504902112],[88.43531802065029,25.01363872411264],[88.43770991445167,25.014384141704006],[88.43752245222154,25.011535600665507],[88.43902892964798,25.013435994577137],[88.44017681039271,25.011810156477846],[88.4422306870173,25.0131088474122],[88.44036747421852,25.01339973466283],[88.44029353029421,25.015427979387837],[88.43736407115209,25.01604914030855],[88.44103287970566,25.017665377743945],[88.43829915448082,25.020184779288552],[88.44034541339178,25.019136949375486],[88.44155866453977,25.020117324177857],[88.43859375158834,25.022815354801594],[88.44465844785303,25.0258452565439],[88.44576488302552,25.033498832867018],[88.45045842677315,25.034067486439206],[88.4526261352156,25.03670160275359],[88.44769751942611,25.041476075034048],[88.43824138112994,25.043371559219477],[88.43575533220869,25.04897121650903],[88.43528645025792,25.055613396087274],[88.44258209807498,25.06247698248254],[88.44413350923192,25.06919780564632],[88.45306476729746,25.079194505777934],[88.44756645702279,25.083031684823844],[88.44761995708787,25.09067808650086],[88.44484203025942,25.10291937517367],[88.44813316191471,25.110517871463596],[88.44594278807935,25.114086416711007],[88.44229932099998,25.115433533000722],[88.44389834466357,25.119025554708763],[88.44259846627776,25.119972595367134],[88.44204378803086,25.12723249015445],[88.44792366580731,25.128382091478976],[88.44829157622182,25.130888655755673],[88.45359538686441,25.13243838978373],[88.45777993259566,25.13621161509315],[88.45663297531898,25.138708815373406],[88.4581772745138,25.140694543410575],[88.46020911636279,25.140168404088623],[88.45999430672046,25.14443123310405],[88.4571363202373,25.14702204206493],[88.46081456469459,25.149946851452505],[88.45999992119098,25.15210773486419],[88.45682901556172,25.153798113924523],[88.45937209672375,25.160164663020744],[88.45606594074533,25.16126763399066],[88.45688749858171,25.16457926201781],[88.45230392928612,25.16390774073429],[88.44942378944972,25.17077822515626],[88.44147573566602,25.174098531323168],[88.44512277983686,25.180538676296635],[88.44173327008153,25.184997737584816],[88.44302924708407,25.194507755936357],[88.44187683254204,25.1987017109859],[88.46341973471408,25.19565254288223],[88.47135386461088,25.198311912699157],[88.46885457362404,25.20067108212149],[88.47399594281215,25.209287946251646],[88.47469445391246,25.213408423609806],[88.47812483341993,25.213474039384128],[88.47914204252852,25.211615548184778],[88.48356789460969,25.212631581679986],[88.48792073791275,25.210940463770875],[88.49388102209363,25.21109741972967],[88.49433441080069,25.209910648108025],[88.49728213718413,25.21110427686642],[88.49888913788743,25.20966046922751],[88.4989167772521,25.203665118631125],[88.51270686099272,25.203294101302898],[88.51504436090532,25.201713075422074],[88.53693539438592,25.197509430221388],[88.53220964423872,25.193514487415793],[88.53342890870925,25.191128018621033],[88.53246843449905,25.18789354809182],[88.53413262464832,25.187317596779675],[88.53729533584554,25.186949391891517],[88.53859024385287,25.18881442542985],[88.54005663306141,25.188539808180494],[88.54124531259144,25.193596720699727],[88.54811747571893,25.194669450895788],[88.55783881914485,25.1921953332589],[88.55935993551714,25.19114750252072],[88.55904420644086,25.186425073019045],[88.55487908947259,25.178540507252496],[88.56008254122999,25.175126424674737],[88.5687158218276,25.17564884588151],[88.57046573820443,25.177114950926907],[88.57843241316567,25.176986762140686],[88.58053211375119,25.181628685135635],[88.58593246633738,25.18214046880321],[88.58850657171605,25.185690842664798],[88.59176130183938,25.187073145549384],[88.59035154152804,25.19272137577623],[88.59576749515578,25.19141990611686],[88.60247607686667,25.194726387349586],[88.60517050798435,25.193949418880962],[88.61173072663787,25.20046833325664],[88.61313194576749,25.20389457790027],[88.62315239674197,25.204585811693022],[88.62852484945209,25.201657988936784],[88.6316974933214,25.201734566890625],[88.64369469067185,25.206256488747798],[88.6589418462949,25.202839991037738],[88.66356927044431,25.20314340521307],[88.66809545535956,25.198882865156715],[88.67151517186461,25.19856667568948],[88.67449008396346,25.199838489608755],[88.6757843047596,25.20270771898057],[88.67872135825912,25.203419037228958],[88.67781071359774,25.20516236977176],[88.68005097357577,25.20852719429843],[88.68735369742231,25.208739700762248],[88.68749305576729,25.207731284551244],[88.69439006090563,25.206970261968102],[88.71200125806465,25.207547081030803],[88.71545737699995,25.20619960970332],[88.71790537148912,25.201957787441614],[88.72393654622067,25.202032719273948],[88.72487820431894,25.199489605181416],[88.7272768920788,25.198247604725832],[88.72965214818278,25.199635225653754],[88.73342958910533,25.19854585668474],[88.7332512995726,25.195189797639955],[88.73512024002962,25.192870902854843],[88.73402627886313,25.190949894713246],[88.73566498740105,25.188971379023076],[88.73482793362606,25.184130830011345],[88.73955083521545,25.18427899866896],[88.74291333712173,25.186025628433526],[88.74432179128269,25.182533719355252],[88.75065395822826,25.181760523212425],[88.74897371248993,25.177936072515493],[88.7498260519978,25.176320034219437],[88.75266532747192,25.176343799189404],[88.75894725883016,25.185210539556092],[88.76732742023185,25.18252227320836],[88.77026315859781,25.189129704576665],[88.77290508498378,25.18796999650789],[88.77234397120617,25.184958410943196],[88.77401306795352,25.184172033965314],[88.774534454636,25.17847061191108],[88.79858070997659,25.170233395799436],[88.80624319831466,25.169658843977697],[88.80623086624243,25.17242634976851],[88.81387484030246,25.173789247333527],[88.81481968113177,25.183096409960587],[88.8183757466256,25.185429897333165],[88.81866623933058,25.188175518655758],[88.82121224361053,25.187615291027402],[88.8213356865036,25.189406668937405],[88.827428965364,25.191267807748826],[88.83040775099839,25.20432765001316],[88.8322162007008,25.205561669503275],[88.8369746351513,25.205474319700173],[88.83814690246108,25.209972544983376],[88.84220500672279,25.210017287049016],[88.84165682239707,25.2123542840953],[88.84324766690003,25.213370056225184],[88.84535462587306,25.21085169145595],[88.84776219976771,25.210483423621472],[88.84644540251185,25.208299188044432],[88.84951911312228,25.208768943109],[88.85090116220374,25.20090128506871],[88.85409125405084,25.199611960235803],[88.85883755495675,25.201549015598484],[88.86328019205898,25.2012944807456],[88.8651949034764,25.199667590612023],[88.86499352634249,25.189441811009054],[88.86712597141845,25.188766182562965],[88.87162635312545,25.190813785134242],[88.87168501311353,25.19385396140034],[88.8741568111611,25.19587951368146],[88.87498174306967,25.193157547255094],[88.87353961915358,25.19282527252608],[88.87269142626904,25.188631421576904],[88.87498291896435,25.185133574830658],[88.87495269065506,25.179799856300093],[88.87627365250056,25.178386709970226],[88.88991779414347,25.177833459752236],[88.89041131957741,25.184210444693914],[88.90307182844211,25.178321754926728],[88.9100418270872,25.17944209145346],[88.91273457655869,25.175828248214014],[88.91246868242109,25.167422870403897],[88.92062081547105,25.16537096404756],[88.92923764342422,25.173400400215602],[88.92958095706793,25.176142913830315],[88.93492957298199,25.180168831522284],[88.93914986178004,25.17826473845218],[88.94185018764261,25.172666906017188],[88.94689853089318,25.176018053174907],[88.9488132755482,25.17586113330153],[88.94958219210892,25.18033601748841],[88.94385231771356,25.18246606757132],[88.94801524908075,25.18691983865137],[88.94671546501804,25.192252254611883],[88.94782457357684,25.19361767548577],[88.94386296544462,25.19204832932176],[88.93934551305226,25.192678455496193],[88.93478270202627,25.19912161753596],[88.93792690253875,25.202121901985155],[88.93700397880573,25.209447618949717],[88.93872786739551,25.21083290885947],[88.94175270695955,25.20936222661698],[88.94453258942033,25.205475361688535],[88.95538239470956,25.20572831019086],[88.95777873157832,25.207738528755353],[88.9615631263595,25.20770837260925],[88.95845949196861,25.21246745692395],[88.95769215374786,25.222869430340364],[88.95211188567824,25.228975321443254],[88.95207217115953,25.232320959230353],[88.95464508806707,25.236848106792277],[88.9506237743078,25.244085654511288],[88.95609840319496,25.253844887399644],[88.9636542794751,25.255081295984475],[88.96985070559136,25.25746602361928],[88.97065282478326,25.259503908649194],[88.97477098860826,25.25980002971996],[88.97649268441042,25.26352307402084],[88.98196402546363,25.263805065078692],[88.981157778513,25.26618988541495],[88.98501892804697,25.269249108070746],[88.98710261077268,25.27364274395402],[88.99219367340658,25.273125638602668],[88.99406860023663,25.269641063238534],[88.99683331374557,25.268498093796183],[89.00602276289509,25.26828172420116],[89.0047785378361,25.264438947285868],[89.00712952774933,25.26275263557099],[89.00808846943366,25.264559874620687],[89.00642976260087,25.273054018593264],[89.00878847173733,25.294231051379906],[89.00819358400001,25.30213282497872],[89.00659549188936,25.30162633556658],[89.00562624832533,25.298523889961288],[89.00342686977756,25.298338263910974],[89.00200621380013,25.295451124101763],[89.00004640336222,25.29477654039097],[88.99250018576804,25.295593302913478],[88.98970154289084,25.298282940214232],[88.98508356542492,25.29782248452213],[88.98598576053277,25.300772135597263],[88.98211264993078,25.30181777149678],[88.98469667540509,25.30495111265802],[88.97573836637139,25.305028147710214],[88.97452352340872,25.300584051371604],[88.9722601138458,25.29999128394143],[88.96031337486485,25.30497650271235],[88.9594824556849,25.30006740279163],[88.95509324768085,25.30193076352995],[88.95358997724,25.3008187811937],[88.94988467911959,25.302960606474326],[88.94441390849661,25.300242586824137],[88.93925831628258,25.299562827117267],[88.93775758358244,25.301387955106467],[88.92846357951693,25.30362590020089],[88.92838899329723,25.314618847131726],[88.92484731252604,25.313591873209383],[88.92360902173779,25.310822731306818],[88.9165443658146,25.31012312678525],[88.91560542781501,25.311062564690975],[88.91611136167799,25.31337131992729],[88.91364421420863,25.314366475352905],[88.90696242834439,25.325647320964126],[88.90605999428466,25.336655362201473],[88.88805200138322,25.335988638262684],[88.88563515328156,25.33319007840937],[88.88731931118296,25.325448160967063],[88.88352339730491,25.324849847537955],[88.87729918809356,25.331219758362337],[88.87547433695067,25.33540980927798],[88.87281841481256,25.336765524723937],[88.87223673680145,25.33905828523571],[88.8664077979932,25.341706926482836],[88.86850682843556,25.351850909483872],[88.86321843108658,25.351692583359156],[88.86151425782232,25.354925605884517],[88.85524629616505,25.354546391518163],[88.85409081567295,25.362773909754356],[88.84561077508641,25.361967424009404],[88.84528901921291,25.363184650157837],[88.8400565851095,25.363474187263638],[88.839931702217,25.367538943303803],[88.8372652230777,25.367875554026003],[88.83890057820467,25.373177015121787],[88.83802408749035,25.380318609399694],[88.84122552865276,25.381841939100283],[88.83980123539672,25.38399813284409],[88.83629081779408,25.384613407920853],[88.83676690692835,25.39076482411929],[88.84099306262351,25.393889619640568],[88.8404691238273,25.397322339499905],[88.83740705538295,25.397819810224917],[88.8369596126248,25.401626229352434],[88.82361661501119,25.401003518635058],[88.82310020050382,25.40896351470712],[88.81227253239817,25.410225265600918],[88.81705499229089,25.41331903915632],[88.81896483663608,25.41745225058478],[88.82041870332957,25.41718506212829],[88.82029806677342,25.4147021125366],[88.83024522150896,25.41685588712857],[88.83109407285858,25.421791765072726],[88.82889470059904,25.423761409016567],[88.82884379666514,25.425963644108645],[88.83455593023193,25.427067411678454],[88.8343296589849,25.43113778534279],[88.8326005556749,25.431098031465275],[88.83208399384381,25.436111692495835],[88.82695975912142,25.43617312177082],[88.82598718460434,25.442748074767128],[88.82710391716496,25.44568143249067],[88.83172361131138,25.44859962969628],[88.82858112927605,25.448686460324595],[88.8379505810456,25.453459373366886],[88.8390999961129,25.45832727829171],[88.83536710534024,25.46162927370959],[88.83500443030721,25.464462458991715],[88.83756071939882,25.470578019272825],[88.83356587449943,25.476707349389972],[88.83223069232298,25.48457537993011],[88.82906931602227,25.488075088641512],[88.82969946712608,25.489841944100686],[88.81405579064509,25.487444770215806],[88.81231041974358,25.489388214246834],[88.80924092043522,25.499383100412725],[88.80933714707012,25.50740453743347],[88.81102870798779,25.509830371602504],[88.80834052914446,25.51284159978871],[88.81125205521856,25.523372493839997],[88.79997643321333,25.524247866002728],[88.79637648861112,25.522146884585258],[88.79235593931818,25.52278982353648],[88.79267543772539,25.520789224075504],[88.78607699036667,25.518673580137268],[88.78669392006614,25.516563932093064],[88.77964530625728,25.514989900382396],[88.77639974613636,25.516556744476986],[88.77636157133003,25.518218651561426],[88.76984311355746,25.520293265022623],[88.76827327076754,25.524807995906468],[88.75977389214789,25.525048568081278],[88.7582940641427,25.522734764021994],[88.76097677224593,25.521845576116053],[88.76010069116342,25.510189315568937],[88.76552653614075,25.504119679832055],[88.7683700822057,25.503359550024456],[88.77055849142556,25.50489553626043],[88.77104587777283,25.503116002582328],[88.76931033084729,25.498557624562682],[88.76445899442676,25.49596884882688],[88.76501910209126,25.494507947689844],[88.76065839403788,25.492403082414015],[88.7536465536635,25.493859525156022],[88.74707504678014,25.492847283075882],[88.74507833265203,25.487427416338765],[88.7401815459697,25.489132778558307],[88.7440655468479,25.496152114865623],[88.74251596196594,25.50468111333708],[88.72800222507685,25.50342408675041],[88.72186119896249,25.50128005320529],[88.72136993279148,25.49974016939566],[88.71484629353635,25.499503015955963],[88.7139220034658,25.495636179653896],[88.71177062909017,25.496863554705484],[88.71338592034526,25.498201991267248],[88.71276504883832,25.500270036061043],[88.70780897783882,25.49985228867193],[88.70995689459893,25.480700134749505],[88.70653913013297,25.47973952405865],[88.70745763415479,25.47756716529932],[88.70588700084744,25.476133953170873],[88.70063456575421,25.47582487534135],[88.69856392297318,25.47077746136892],[88.69405559566749,25.473934902303746],[88.68782795399339,25.475713248614635],[88.6773088068822,25.473909645888476],[88.66918138019749,25.475088180498346],[88.66286137464424,25.474012284559933],[88.66018455230274,25.481722704957573],[88.65299788001113,25.480602602580543],[88.64635406773054,25.477746106184814],[88.64390822380817,25.491210670109098],[88.64227472999046,25.492592587753784],[88.64465453067147,25.493981289267335],[88.64766166354296,25.493306476359447],[88.64814486913092,25.496691080258],[88.6406217373412,25.499692206044177],[88.62239017263016,25.49728174952224],[88.61933266133923,25.503910543429225],[88.61602766957742,25.504693533591873],[88.61197157394871,25.510082167659895],[88.60680991990316,25.50940061712783],[88.6095459726629,25.511553780426862],[88.6085996280538,25.516354698192476],[88.60224914086633,25.5156006717771],[88.59734493320146,25.506145395691043],[88.59421015691463,25.506365264328668],[88.59132605371119,25.508876211394],[88.58786327286971,25.506486389044674],[88.58515755801376,25.509310038487776],[88.57823267276223,25.509601059308775],[88.57715378802118,25.507908925624335],[88.57268324565295,25.508663233844732],[88.56812732470519,25.511173930174703],[88.56785056903752,25.51386302169889],[88.5560182251181,25.513778687295225],[88.55313518911322,25.51624270538898],[88.555011707758,25.51922787324859],[88.55400892289794,25.52094276893998],[88.54864294165112,25.518196077276507],[88.54863320391341,25.51501574727482],[88.54431491520609,25.510459375936026],[88.54530731823642,25.508740495640755],[88.53976207637805,25.508543481489408],[88.5396380343087,25.51048649260472],[88.54108198090648,25.511112293545235],[88.53928665828532,25.5154108200864],[88.54033922418516,25.518994706297107],[88.5375002442568,25.521363777207604],[88.53830278475857,25.525007526333294],[88.54106696197324,25.525316319564354],[88.53947025147151,25.526510619213724],[88.54024638150392,25.532036643267794],[88.53794553285493,25.53409946468045],[88.53275009496818,25.531702415556914],[88.53286513232516,25.541708710745233],[88.52717810756887,25.542528526642055],[88.52334145868592,25.534533873376372],[88.5186593585767,25.53746479383066],[88.51951803929218,25.544240174665973],[88.51385316699078,25.546994390300416],[88.5087138612329,25.544220077325246],[88.50681861361278,25.544831101115665],[88.50833475062342,25.545393320005495],[88.50749632601931,25.547375414202072],[88.49981702481242,25.550331745762797],[88.49746110494489,25.555397852637633],[88.49835039395704,25.55806888712046],[88.49397756942712,25.558031777457],[88.49311425789635,25.56185901169655],[88.49847546639404,25.57368435406456],[88.49937276658191,25.583951665975096],[88.49402191206616,25.584659524809066],[88.49202275631714,25.58287898543575],[88.49058727903581,25.584985782033694],[88.48322499149607,25.586633039654714],[88.48196353046171,25.582184558938348],[88.47923374973928,25.585468293440854],[88.47340942288166,25.58509499634588],[88.4683356285625,25.582933488233763],[88.46860504679096,25.587758864065197],[88.46523486698392,25.586836445331933],[88.46655630224159,25.589898872283676],[88.45897479522976,25.59284758042016],[88.4571132631789,25.595438195800252],[88.45763525802082,25.59794499837779],[88.44535298839976,25.5964704302393],[88.44552661118463,25.60001491990897],[88.44864864127588,25.601716457534053],[88.45015370565237,25.6047920337773],[88.44604766998205,25.61502733354084],[88.44927259220763,25.618276654762866],[88.44918294752878,25.62229637437705],[88.45648140168277,25.628163195356763],[88.45566691538433,25.635435164004168],[88.45727346154015,25.640109186691863],[88.45652990441991,25.64400315865652],[88.45499189433038,25.644888959706357],[88.45669791902245,25.65282560367981],[88.45451588604448,25.658189893645037],[88.45460746928771,25.664020345023122],[88.4441642405978,25.66506796362436],[88.43930739480962,25.667530636892053],[88.42561044300778,25.668219099725846],[88.42546532825845,25.669563662772262],[88.42140448593179,25.669839245776963],[88.41888041401948,25.667353438446927],[88.41493904762557,25.669438423174224],[88.4022803488662,25.67183848881615],[88.40576840919806,25.68262424861419],[88.40429792367185,25.684469146570713],[88.39150530496822,25.683390944765193],[88.3893876326871,25.688003879105157],[88.39085440367964,25.688726635897005],[88.3915960572698,25.69280713706254],[88.38555838502378,25.69351116374616],[88.38133263267218,25.696629153396085],[88.37220788827422,25.696263956132253],[88.37070255709813,25.69944699599238],[88.3718760003026,25.707090108168565],[88.36993357046879,25.70896465305667],[88.37312246755656,25.708949510981995],[88.37485324263132,25.711907400345932],[88.37424810331994,25.716171115736188],[88.37016236149022,25.715160692563696],[88.3652060784883,25.717086893198612],[88.3638967264695,25.71961859659115],[88.35659607952792,25.720868731932626],[88.35857336309644,25.72766660642276],[88.35630779847514,25.728267803999866],[88.35507338212072,25.726513651039614],[88.34865525808056,25.729591760480382],[88.34435679698817,25.728910102203617],[88.34047735775499,25.734630662171906],[88.3375664371454,25.73532612920177],[88.3369506806457,25.737659005551627],[88.32809747090698,25.739309022887188],[88.32629969049519,25.73710554156151],[88.3211068065188,25.73722240599542],[88.31858726031894,25.742122860701652],[88.32081460431979,25.744515426414058],[88.31547024192862,25.746838606166207],[88.31638907742878,25.75273019497404],[88.2996051307301,25.760466860690855],[88.30002849684203,25.762200183205035],[88.29806008773022,25.76456357200284],[88.28903399901169,25.76781505094283],[88.29079587465989,25.773772299289384],[88.2810459216888,25.775610129010747],[88.27846014809293,25.774277704471263],[88.27507322368903,25.777850021407698],[88.26741873754354,25.78210091998396],[88.26692056781958,25.783993903555864],[88.26998745392879,25.78513040184324],[88.27163050402447,25.791149385868163],[88.27505241511376,25.792889061549836],[88.27469667597306,25.79415231709441],[88.27191837814043,25.793622709541975],[88.26936541191705,25.80816950107878],[88.26141895264296,25.81367973502007],[88.25617218502089,25.811755555568862],[88.24878720963032,25.813447107605302],[88.24684669230976,25.80659583115118],[88.24412843427746,25.80990601966619],[88.23998324463714,25.81052208116244],[88.23021915937004,25.802974405101118],[88.23229292559331,25.7981962124466],[88.23041391771687,25.796770284066103],[88.22648158388314,25.79886328298757],[88.22317047369594,25.796701949197594],[88.21619361641368,25.800845153941296],[88.216258764933,25.79877711899714],[88.21149003399275,25.797139593353805],[88.21085213581793,25.793403558861222],[88.21269622977252,25.794292364082914],[88.21341837464962,25.79317583027485],[88.20977640865509,25.79211469525554],[88.20988914183336,25.787703032783657],[88.19976092895736,25.79057407870699],[88.19970935128703,25.794438684830254],[88.19318797129483,25.802506221334554],[88.19106303793127,25.803424655486584],[88.18927437092803,25.801813768219247],[88.18488100821577,25.80141837237271],[88.18445201505688,25.802427152761382],[88.18000729655814,25.796554939725247],[88.18103343761562,25.793984754188166],[88.17687272508721,25.794116085635558],[88.17343945480114,25.787019942284008],[88.1651646199682,25.78943179032092],[88.16013205652395,25.78763147102157],[88.15941540214983,25.782641321844906],[88.15708587298877,25.78195249787671],[88.15671041133601,25.77918871938858],[88.15125188385198,25.775972654145434],[88.14783222214415,25.776778682142947],[88.14818736300688,25.782331619863267],[88.14537058763571,25.780230346036582],[88.14270330630083,25.78190006783293],[88.14546817791323,25.78947885117813],[88.1443806271246,25.794204090629606],[88.13788125406028,25.79804675906634],[88.12958154128384,25.79857313114543],[88.12523252660051,25.797270520146938],[88.11511260966618,25.798789850786946],[88.11801417791536,25.810131380578703],[88.12024938666657,25.81253076800186],[88.10818934228053,25.816302902910294],[88.11124050248237,25.82216208880477],[88.10670028318746,25.82410386748204],[88.10148278267734,25.8294078785125],[88.10191358773815,25.83153744096451],[88.10673891882952,25.834069308591783],[88.10812075411194,25.838577765998814],[88.10694566070225,25.840436193757842],[88.10201916942843,25.84096017512251],[88.10107082966108,25.844783613210154],[88.10730475325393,25.846076244310137],[88.11274391306041,25.853515824698697],[88.1093764964712,25.861414553116475],[88.11017151088754,25.8676584929482],[88.10836799832589,25.869010498932795],[88.10535768721496,25.868448515861342],[88.10461406900929,25.86300829847651],[88.10205656449708,25.86179597190822],[88.1006990942201,25.86231364812466],[88.10120135936343,25.871807680975827],[88.09909692555468,25.87299552494834],[88.09624529824539,25.871885967666884],[88.09359286426556,25.87390865142822],[88.10245930259515,25.88997136324407],[88.09839336951573,25.894763329538986],[88.09505458403125,25.893771254963763],[88.08949325963435,25.89684365736628],[88.0898220699778,25.898890904751074],[88.09204013707674,25.89940225185022],[88.08968756523029,25.903026573012877],[88.09015287278454,25.905697996092858],[88.09315108089366,25.905896906507824],[88.09453300690595,25.908880058676747],[88.09116745432092,25.91372284256504],[88.08648737542113,25.91351912889633],[88.08688447299754,25.916641044275373],[88.09203153301293,25.925708982993417],[88.08996060277101,25.92599634181384],[88.09311417989842,25.930232857252896],[88.09982337336201,25.93428432592777],[88.10349575361714,25.932655546158912],[88.11062752537013,25.932376251524342],[88.11121630366524,25.94321079515452],[88.11756133358737,25.942972207571774],[88.1211642543081,25.948078654041197],[88.12039650825224,25.951620624701327],[88.11389589281781,25.958696112944992],[88.11524553876868,25.96275430585744],[88.12165506952483,25.96359045647879],[88.12379064612787,25.965902715361345],[88.12426699128203,25.967135774774274],[88.11982898140181,25.969159688744504],[88.11928158040702,25.971524348074517],[88.121020955054,25.97385729546579],[88.12705827156711,25.976597215402993],[88.12832343545708,25.980839383895006],[88.12629746679345,25.981843625687493],[88.13094527820824,25.989235946289075],[88.12886844423826,25.990961659824574],[88.12926885749638,25.997225601537167],[88.1313478752708,25.99864219839231],[88.13449640476466,25.998205928251256],[88.13462243211077,26.000176027124503],[88.13886156936015,25.99654488598789],[88.14394035022745,26.002923637510715],[88.1434169836581,26.007171606041254],[88.13913161730758,26.012155276401888],[88.1395407397324,26.01392625791058],[88.14651240205737,26.01410087697779],[88.1483684409103,26.018316520727694],[88.15558597392517,26.020809340145263],[88.1594821496704,26.019619268864517],[88.16508002022802,26.021662007470173],[88.1765945222336,26.021417414857993],[88.18220170293084,26.026689028569315],[88.1799518291826,26.030401140030936],[88.17130863118427,26.031928318399654],[88.17033396089764,26.036918780639688],[88.17326938395492,26.037755437485487],[88.17412109194717,26.04013434128927],[88.16834152993681,26.044565847441103],[88.16935883786009,26.048014246579378],[88.1722439813126,26.049572343243142],[88.17829716656524,26.046379610650636],[88.17625968509293,26.04864288474077],[88.17457550203869,26.05806612273414],[88.17636144265504,26.059502114782514],[88.17876228188001,26.058205805633886],[88.18521043300686,26.064151883866664],[88.18030869391237,26.068362517854343],[88.18203078946487,26.073478569031277],[88.17316239550291,26.075832989991245],[88.16868781700408,26.080034596510497],[88.16838280662581,26.083464683201708],[88.1663181088953,26.08277579949005],[88.16268815607103,26.076861129451817],[88.15777095247896,26.07965728480774],[88.15853828351317,26.083344508033267],[88.1650262165324,26.087285023862933],[88.1643041156727,26.089704872355547],[88.16090723164724,26.088850716084572],[88.16076463846892,26.092032664729288],[88.15849136809913,26.093579955049144],[88.15838550254121,26.098367928336824],[88.16262003143315,26.10042226630239],[88.16257888679654,26.105262123186595],[88.16444036225354,26.108818246850966],[88.16849384288648,26.109002127655966],[88.17231337437168,26.111022669516746],[88.17356461796798,26.11270324612813],[88.17324413141398,26.11866808593213],[88.17834071150033,26.124109251839897],[88.1769116688514,26.126487848146766],[88.17373233073658,26.127603657288166],[88.17350337801844,26.129518460515417],[88.17718655961654,26.133453437981366],[88.17950122435462,26.139436631024083],[88.17624055187568,26.141989575841183],[88.17714620819231,26.147889994288683],[88.1835825006591,26.15366150547931],[88.189310920682,26.15517602736184],[88.19500881235831,26.152259813634007],[88.1957927352758,26.154835514921636],[88.19186008703171,26.15520339503707],[88.19087827963018,26.157710600348466],[88.19509662896553,26.160423769921458],[88.19648647811859,26.164239193061952],[88.1982468733432,26.164303310724065],[88.20068340532936,26.159816808260555],[88.20495715017502,26.159274121903554],[88.21542586856114,26.16318739439946],[88.21532125525472,26.165989482770065],[88.21149309545126,26.168056997182653],[88.21426468286869,26.170965618027612],[88.21694123122404,26.17066798717003],[88.21728558601518,26.167152981245163],[88.22233984287523,26.167149216066235],[88.22443481742405,26.170328306027002],[88.22690652474179,26.169470008976088],[88.22523961000226,26.171165842229723],[88.22568815948485,26.173676148501187],[88.23039906048038,26.172860945384432],[88.23354457343147,26.17711784780639],[88.23647044560066,26.17712001804088],[88.2363260746564,26.179302239311767],[88.23205415159416,26.182480959162227],[88.23483246918973,26.182804241059117],[88.24048578466497,26.186748901401337],[88.24195051378688,26.189882717153736],[88.2444015338019,26.18783661228538],[88.24474444320379,26.189578429522253],[88.24771186784473,26.19108014778813],[88.25046123004373,26.189225494856295],[88.25129361707083,26.185297601072193],[88.25331533939814,26.185448647400367],[88.25298176708539,26.189193521074866],[88.25681706849537,26.189041239824967],[88.25871131539228,26.187231689305577],[88.26265522940831,26.18961208712592],[88.26858523407594,26.18727990591556],[88.27211596797706,26.18864534730376],[88.27500320091094,26.187971594503853],[88.27872929143692,26.195854969925687],[88.28355742527195,26.195027374905877],[88.28234330814801,26.19747377387561],[88.28507670279285,26.19976124161906],[88.28904463775962,26.199914433360057],[88.29042774325983,26.20263752016714],[88.29322334803476,26.2024336472606],[88.29166514651259,26.200549188875236],[88.292634402653,26.199516330600623],[88.2967627533733,26.20126411659894],[88.29940715461788,26.197810850583565],[88.30064729144401,26.201780815993555],[88.30221310439158,26.20206146703679],[88.30392695430808,26.200154997482286],[88.307610360485,26.20462142558823],[88.31400272084284,26.204124251876745],[88.31683042332115,26.20604679777923],[88.31975726836578,26.203402821197134],[88.32570993393475,26.20578051328166],[88.3235816570417,26.210086680715527],[88.32701188203896,26.21161293088119],[88.32783606385425,26.21366523786049],[88.33063031037642,26.213359419862286],[88.33033983204446,26.21679350509263],[88.33936414120039,26.21786407273632],[88.34127964403355,26.21988562253582],[88.34767770330355,26.22202676359503],[88.35079983131118,26.221500333723387],[88.34986487823821,26.226466302840933],[88.35165150337079,26.225748708676043],[88.35299547825724,26.226920725872912],[88.3508695917812,26.228693117881974],[88.35166365488163,26.231133916390966],[88.35642191685558,26.234505065085163],[88.35439440937786,26.23862650365308],[88.35922566036693,26.242247053992156],[88.35416408942385,26.246457229304806],[88.35099553558402,26.2454335535271],[88.34942082033199,26.248521677831086],[88.35304752125492,26.247811608778285],[88.3471145647233,26.25361614602497],[88.34966574060434,26.263578484155733],[88.34873724641822,26.26523141765486],[88.35075022274792,26.26701264478559],[88.34649488078917,26.267806911093967],[88.34887810674635,26.27171986215695],[88.34722477183898,26.273618854524994],[88.35084196499292,26.27539260439726],[88.347970080674,26.277955693523435],[88.34847751292688,26.282171634169234],[88.3520524394484,26.28244572730247],[88.35134318809057,26.28471346958464],[88.35278427085925,26.287428225145717],[88.35395388364736,26.286020395872438],[88.35720151438501,26.288228410019332],[88.3621763565807,26.294849513567556],[88.36158629908464,26.298225792741114],[88.36388329396108,26.300272654461438],[88.36742836227918,26.299930682923684],[88.36848240860265,26.304518033263392],[88.3739566036035,26.306993344426015],[88.37615587615011,26.30507865970744],[88.37905282346544,26.309778992028622],[88.38174688717218,26.309473159696623],[88.38154258871702,26.31171850937913],[88.38405367727847,26.31397933234098],[88.38785519664391,26.31526784025245],[88.38971657957447,26.313887106859124],[88.40207568120344,26.317801955315485],[88.41486953329394,26.316546399122004],[88.41604186977403,26.322656613846885],[88.41480691802369,26.325386002541382],[88.41055909316724,26.323698325238528],[88.40646773686696,26.324291780208345],[88.40724346355584,26.32797244969355],[88.4028291422497,26.330020552379672],[88.40975551511131,26.334706164478312],[88.40950599815967,26.33626292266681],[88.4115490572716,26.3376962265474],[88.42204520840984,26.334840935028083],[88.42390449646916,26.336122750905282],[88.434858189226,26.33569281195377],[88.43580808936703,26.34013331023248],[88.43758122988889,26.340194169465647],[88.43564908666342,26.34312260255791],[88.43756688020054,26.342590566595426],[88.43720196476922,26.346019425372788],[88.44549688593189,26.362386442559398],[88.4451363875168,26.364958150436852],[88.44940324318254,26.366058824788258],[88.45113959230363,26.370931126768976],[88.45537280426537,26.372443476619406],[88.45635766953217,26.377162889828274],[88.4582885694893,26.373755242265013],[88.45657680905414,26.371862340223917],[88.45949084052957,26.36947023658882],[88.45623011415171,26.36666610336945],[88.45649320644394,26.365320467079588],[88.4587276147962,26.36424126152639],[88.45800910001113,26.36236368580028],[88.46180503544878,26.360776037245763],[88.46236739069808,26.357709599003392],[88.4668755895447,26.35890268418746],[88.47016922929626,26.356918199332554],[88.47564300298728,26.357943501455217],[88.47618751679673,26.354615357047432],[88.47929227587834,26.353327352257057],[88.47943886745799,26.35108499655119],[88.4837626619397,26.349523395350847],[88.4876642311699,26.3495233607366],[88.48725145439853,26.351301068615843],[88.48987085552875,26.35078555050425],[88.49116494427255,26.35247048720384],[88.4885126755827,26.360437338437684],[88.49611095234424,26.359277933868555],[88.5018613873798,26.360457744442538],[88.5047419566109,26.363756207209544],[88.50709172301869,26.36272528858694],[88.50715481619267,26.360160347815064],[88.5052464531694,26.35808974568648],[88.50623171549157,26.35692119367833],[88.50455592719366,26.356639269244138],[88.50459136034172,26.350993704610083],[88.50251544804324,26.35084411478854],[88.50380203405777,26.34890821513736],[88.5057050000028,26.349071811809516],[88.50666929295132,26.35109708562407],[88.50926091547798,26.351006601885253],[88.50892943893479,26.353153123280755],[88.51741361626323,26.35194438094841],[88.51679888833449,26.356875215973364],[88.5220785360926,26.36071059041672],[88.52123661973697,26.3630968998384],[88.51600122927795,26.362585374257147],[88.51452994425112,26.365273150990497],[88.51520474252287,26.366563193437276],[88.52100263555491,26.367527809885154],[88.52125199170811,26.371236681633707],[88.52388066255374,26.375188913715466],[88.52209214017927,26.3758208951463],[88.51923959748672,26.372037483458918],[88.51570012836777,26.371272197253845],[88.51190973733208,26.377278949442122],[88.51426325869777,26.386806889002962],[88.51694846321921,26.3880979093792],[88.51789095136077,26.390704733327613],[88.5153772648715,26.39105366120969],[88.51290860823248,26.387732982838827],[88.51100602766468,26.388421708344108],[88.5038655350669,26.40000982592935],[88.50868543045246,26.40139671826078],[88.50857960711535,26.406829356736438],[88.50598946591057,26.4078732972748],[88.50180771214326,26.404258747555907],[88.49938743876544,26.408978800437847],[88.49534189474804,26.410368897350022],[88.50186217789725,26.417726111034145],[88.50048166134168,26.41918784364629],[88.49401039746087,26.418742696479693],[88.49324911658007,26.422345092095004],[88.49766847384173,26.424767586022497],[88.4975042636044,26.42674359429212],[88.48881466492671,26.43107158342867],[88.48930944261217,26.432270096584798],[88.49451672209098,26.433313934745662],[88.49568826985023,26.437506860030314],[88.49064611868693,26.440761330974084],[88.4902038511231,26.444774721159202],[88.48602367210249,26.4458539194115],[88.48578400966953,26.45113691368299],[88.47867751920354,26.452692556341955],[88.47887188678325,26.45475498415376],[88.4830289404735,26.456763679452934],[88.48449991019169,26.461073936493946],[88.47727991219965,26.461783417935568],[88.45853324991144,26.4669998444728],[88.43614078761901,26.466297896472536],[88.431719027364,26.469991232733957],[88.43263829585212,26.473189193588414],[88.42967874494458,26.471326547120984],[88.4266692486056,26.47409598726607],[88.42181947255872,26.473131956263583],[88.42196385967266,26.470839401086142],[88.41950142656194,26.468521396226222],[88.42148560649689,26.466341653703722],[88.418537935809,26.46650038359765],[88.4176886164371,26.469738355203038],[88.41462500558539,26.469847970541718],[88.41439297074753,26.47167077212187],[88.4091497326062,26.47556883228063],[88.40777879837975,26.479820514213042],[88.40425121576862,26.480963645738218],[88.40287187510775,26.486943070370796],[88.39871239237296,26.48211338088967],[88.38754951252915,26.479575594517723],[88.38510298139558,26.483751123430014],[88.3752358090597,26.484703638417297],[88.37421012883794,26.488853523734992],[88.37281481792793,26.489195391191625],[88.3651342554864,26.487533586283906],[88.36064155886662,26.484844262549483],[88.36236963899555,26.473420463290758],[88.3640187760756,26.472429432121324],[88.36308098612295,26.469001833401812],[88.35983553739312,26.46635631771614],[88.36005810578455,26.460812226063204],[88.35826918994795,26.45696944532331],[88.36091067436281,26.455819422731597],[88.35670798805275,26.45300851982527],[88.3545099578762,26.448390646983526],[88.35184684921585,26.44882313512757],[88.35342038408159,26.451189654792334],[88.34767395283724,26.462607034405508],[88.34873255451753,26.466166458216076],[88.34647977202442,26.466074833489003],[88.34641972952912,26.468735862910012],[88.34008623936514,26.46939623128682],[88.33977998931172,26.479200822101948],[88.33337770616328,26.478901854811614],[88.33370251810541,26.481970700654706],[88.33151228530554,26.48283360260547],[88.33071698073334,26.485215909778066],[88.33106532943424,26.492221750583052],[88.33654708106327,26.501464365584855],[88.34386583444774,26.506408011679124],[88.35115676790616,26.515654903396808],[88.35088329737748,26.525323819799162],[88.35740115507542,26.5327645915072],[88.35639179814072,26.544388781862743],[88.36918718904533,26.561857034649947],[88.37005823866394,26.56890816427585],[88.36870298542907,26.57521239828506],[88.37247194535705,26.580072677858432],[88.37379580157442,26.587071828713974],[88.37668367231214,26.591615253984287],[88.376470031378,26.595274485250574],[88.37786047162251,26.59716214622516],[88.38472083627708,26.599254344809403],[88.38977907177551,26.602907483620633],[88.39876007135497,26.603826088603245],[88.39897470852075,26.605592413942283],[88.3969795242236,26.606795618266762],[88.38768241288552,26.607293994093606],[88.38715610523192,26.61233785923713],[88.39662054665627,26.61751866987576],[88.39917373386521,26.626335262351827],[88.40745635349842,26.62967205649067],[88.40975679161733,26.632284315916298],[88.41239893898884,26.63101860337508],[88.41470721760358,26.629125981998737],[88.412796879185,26.619745403107146],[88.41620638274358,26.617309946372167],[88.41505968418171,26.61078069191984],[88.41786533930798,26.597120928127225],[88.41777067933495,26.587075959401584],[88.42073357916182,26.582255389769543],[88.42003827325046,26.567498414804383],[88.43016930414147,26.545811155030723],[88.4337927145355,26.542239601283075],[88.44096856212795,26.54056752725287],[88.44235709974072,26.535665343132717],[88.44504412604552,26.53311128954467],[88.44966835937907,26.531733090819085],[88.45447460396561,26.533081010088793],[88.45452458532971,26.535975616000865],[88.45747881821072,26.537423514418553],[88.45762635751296,26.543845781733346],[88.46087577410141,26.543347671406384],[88.46202265232633,26.541199045121612],[88.47535504712462,26.541840856557283],[88.48303721126234,26.53917208396897],[88.48404616395514,26.537187356185676],[88.48110164186237,26.529470281003235],[88.48289479684877,26.528566960700367],[88.48674943449524,26.530610382101596],[88.48871207642296,26.530020241901912],[88.48800743611746,26.52378928747072],[88.48474275805066,26.52412760846096],[88.48808565512418,26.5228177150622],[88.48868739341387,26.5211774547694],[88.48825772023035,26.51477030972772],[88.48992673612933,26.511943550168077],[88.48872789216185,26.508954583675006],[88.49923236169961,26.510074705923863],[88.50002961651427,26.51340787192958],[88.50321557341609,26.51403622664295],[88.50661198941933,26.513529111746234],[88.51029476947049,26.50882831885262],[88.5180577361697,26.509529729917453],[88.52040036995415,26.50827816560333],[88.52150013333903,26.50339528551298],[88.51768591808371,26.4997428231968],[88.51860785187326,26.4964772812067],[88.52337814588212,26.490910674058913],[88.52216535377323,26.485670035193355],[88.52696227923698,26.484763633468948],[88.52425083312951,26.482658847122657],[88.5268003129913,26.48235862404001],[88.53010142762432,26.478322877416986],[88.53602215538999,26.479285034034074],[88.53645906899472,26.48151380993304],[88.54282672388561,26.480599464216734],[88.55628868988384,26.48324011433564],[88.55299032768882,26.474575806123344],[88.5534533041149,26.472942756869397],[88.55673309184478,26.47292454429947],[88.55664656072672,26.47164401867037],[88.55412109822238,26.470174469445656],[88.55448435356709,26.46918719383735],[88.55861882091615,26.471213610507146],[88.56115712932906,26.47075218514616],[88.55842370054823,26.46832668400806],[88.5585253251597,26.465589349965917],[88.56268334992879,26.465845397010106],[88.5598851589042,26.46246065802165],[88.56004072734846,26.460521923795447],[88.56322784038204,26.45906211560319],[88.56309780565144,26.457139013115953],[88.5591642851432,26.458155979541203],[88.55810512830408,26.45725115207086],[88.5642584891856,26.45530644303414],[88.57784086446622,26.455524628234272],[88.57986881930496,26.453805578196917],[88.58299445253883,26.453634010132713],[88.58483598449823,26.45128016699214],[88.58422320771034,26.44858197146152],[88.58742444675174,26.449451906332364],[88.58980855485454,26.448837208609135],[88.59041372470865,26.447196168585837],[88.59637440863985,26.45298178857654],[88.596796601552,26.469681250453764],[88.6007250771216,26.468663628342597],[88.60348205074601,26.469313530346973],[88.60437483959448,26.47115318139217],[88.62068014953678,26.469158634494246],[88.62330310350396,26.451678400040972],[88.6265777420906,26.44738376952596],[88.62751363480137,26.439035032898992],[88.62493768338483,26.43562522554391],[88.62233998106026,26.43475040416858],[88.6219676518329,26.432062047924187],[88.62458746798477,26.431834588488055],[88.62465036622434,26.430052824536574],[88.62688132953751,26.42967632066417],[88.62987308684457,26.430778089083475],[88.63042139962938,26.427785515649443],[88.6356564855595,26.42876789489095],[88.63644489915512,26.42652217943094],[88.64312108671855,26.426576979928218],[88.64376709488377,26.425020932354045],[88.6491275416101,26.426415171092003],[88.65179070776263,26.42000677359808],[88.64801370342131,26.416995469882615],[88.64492474301062,26.417166367636053],[88.64482423680171,26.41539359523955],[88.64732869130479,26.413481309785347],[88.64992581601258,26.414351143553013],[88.65041423003258,26.41258723177469],[88.65991568474158,26.41341550181226],[88.66319648487276,26.40714763442084],[88.66650746031269,26.40671065238238],[88.667841388441,26.404222512304855],[88.67814905326973,26.405175397059395],[88.67923243138382,26.408667368268635],[88.68067739307791,26.405712224330184],[88.68017502642495,26.41077577914965],[88.6827974979968,26.4112658833124],[88.68336271527863,26.40928564090825],[88.68525322787889,26.410069767458623],[88.68357818967425,26.40690557173049],[88.68497533853731,26.405344410262582],[88.68284988504925,26.404490405076377],[88.68607514414303,26.403550970106075],[88.6861092711407,26.40009365723595],[88.68162293459314,26.40047198200102],[88.67999876438981,26.39730029975351],[88.67622301499492,26.39916398695997],[88.67597788990672,26.396256623255315],[88.67044994510913,26.395840130895195],[88.66933097484514,26.394589162598482],[88.67234175757159,26.39395675679438],[88.67224657477904,26.39256605019435],[88.67718456269186,26.392586762742745],[88.67769487135028,26.390402231478237],[88.68861196045427,26.39339380007649],[88.68889145328859,26.39202372289954],[88.68506910199172,26.388352312351852],[88.68701642854215,26.38862645834608],[88.68780181391695,26.387099244686066],[88.68708479482684,26.38417662828929],[88.69122523956582,26.384282689191707],[88.6981736921188,26.38825912014049],[88.7012116174416,26.386237827367058],[88.70043167675573,26.383148285957976],[88.69110345496276,26.382059527847883],[88.68872552457415,26.379607090599738],[88.68460857257651,26.380513273473028],[88.68209198991875,26.37946906861253],[88.68094495808192,26.37504528983312],[88.68574839992475,26.375202176087285],[88.6875742490959,26.37311028390417],[88.69322828771497,26.371948003629733],[88.69368795474755,26.367688256567835],[88.6875177414713,26.36676449712308],[88.6871053105513,26.364926056818778],[88.69144399371054,26.364426702669192],[88.68773324101976,26.36378997289614],[88.68745936894413,26.361137532311734],[88.69444753691415,26.35892879732964],[88.69369957804902,26.356897094022244],[88.69021184021236,26.35675022606955],[88.69179649801794,26.35323413582296],[88.69717017153852,26.352769143247194],[88.69523628378474,26.344408320407936],[88.69255880657141,26.343096796587915],[88.69596173625872,26.337912847713255],[88.70069746848537,26.33777348462496],[88.69860335991247,26.331250711828883],[88.70039643584714,26.329289380620672],[88.7026536021188,26.32865217080887],[88.70639694389148,26.33052151634587],[88.71190764013731,26.34121698009906],[88.72161110619076,26.340887341129513],[88.72346433870672,26.339134336570204],[88.72768789557578,26.343215632323524],[88.72812575061495,26.34615841466745],[88.73422431156919,26.346273628757746],[88.73146379858258,26.34918328223081],[88.73279168284566,26.35279505653427],[88.73605509788118,26.351764778340577],[88.73428819166736,26.349278775206702],[88.73577894318643,26.347757852613572],[88.74368937013614,26.346633283032673],[88.74389620543367,26.342811247220812],[88.74071613249697,26.341634632970482],[88.74254146603516,26.3381458909406],[88.74124919009164,26.335126533849543],[88.73478298821745,26.332562517227824],[88.73227615407716,26.326901744998004],[88.73395576380827,26.326047555414192],[88.7391783442913,26.32748782863],[88.74343770351602,26.330677471909734],[88.74693518717524,26.330232798410268],[88.74451667988525,26.320374270135254],[88.72956882674524,26.321593089688403],[88.72956898395043,26.316174499865568],[88.72541651346475,26.31526851341751],[88.72386722772177,26.31251677279707],[88.71833573637545,26.309992034512106],[88.71847547470777,26.312693526976606],[88.71472037937792,26.315483430022116],[88.70612921898737,26.311433409252057],[88.69862572167483,26.31100842916627],[88.69461091441318,26.30792839827308],[88.69437000781356,26.309932298844906],[88.68947710544653,26.31320882742455],[88.6901490021599,26.320326983169405],[88.69424965063348,26.32390916335871],[88.69163260129265,26.324815095105873],[88.68912272725345,26.32385357420389],[88.68733299484826,26.319000045610228],[88.67898591300863,26.318206356924374],[88.67276797942782,26.314529463589697],[88.67394973923524,26.312597763052274],[88.67212801422951,26.310031182125023],[88.67287799969394,26.30791612189501],[88.67560565320579,26.310049935771634],[88.68005828496388,26.30713467722474],[88.68023968805741,26.30500510107529],[88.67525958802236,26.301554359257675],[88.67697689016451,26.297814309284135],[88.68069374780598,26.297225251990067],[88.68279813220738,26.29092938281963],[88.69205050205441,26.288847881617443],[88.69189771389593,26.287289777484798],[88.68954093254409,26.287209031307434],[88.69034562810424,26.286569845534636],[88.69754744688984,26.285449948504596],[88.69944604971757,26.28712272608655],[88.69737813871329,26.288422130104635],[88.70058961495572,26.288667079348162],[88.70602973416291,26.28518906186206],[88.70219460882272,26.28404823829976],[88.70111285486261,26.28198898989503],[88.69974814685942,26.282659449873925],[88.69848314286958,26.280610396522693],[88.6941012112193,26.281107944705266],[88.6918997629531,26.279115604671464],[88.68581919794893,26.281527539579017],[88.68341428396585,26.277979790276753],[88.67967580926536,26.28026117742818],[88.68019766486843,26.282434631431425],[88.68391197488775,26.283158796686724],[88.68304902537803,26.286381489688434],[88.67321792040083,26.294424638580733],[88.66848034662786,26.293839970246687],[88.66637073942138,26.291842201529906],[88.66638063705918,26.28510530029996],[88.66406018627234,26.283460167017093],[88.66405398250699,26.27985272161639],[88.66681146008631,26.275552739771015],[88.66457720354931,26.269705219937606],[88.66851105553587,26.2654227876256],[88.66798039913797,26.26244341434046],[88.66341719824314,26.259604995215806],[88.66457315035075,26.25797419255037],[88.66760760817654,26.25975476890168],[88.67338803346787,26.259092658090342],[88.67614507626256,26.255469762962377],[88.67804474988208,26.255152181402643],[88.68212499671723,26.25780049609003],[88.68176546039781,26.26217944615448],[88.68646985309908,26.262295520339457],[88.68896651112384,26.26584275660035],[88.68284593246197,26.27176795433549],[88.68445077900526,26.2752773012817],[88.68685164338305,26.274885670166366],[88.69021646114616,26.27118266755115],[88.70154568742102,26.2774953612882],[88.71063454142845,26.27729253305745],[88.71189313414212,26.279171373156654],[88.71875224744346,26.279170842350563],[88.72028618187653,26.281706974843544],[88.7174071325949,26.288304805474855],[88.7239682396822,26.28946343485458],[88.7260553719386,26.285623717964942],[88.72911277992327,26.288457037282065],[88.7282386589647,26.291427225812093],[88.74263751480366,26.287783104045033],[88.74353443680077,26.28989391828336],[88.73923213990213,26.292885667003663],[88.7442299619011,26.306875978191577],[88.746317930489,26.30853760213678],[88.75523439599677,26.30765540981001],[88.75681344202678,26.310902851052322],[88.76024409731704,26.300693152028348],[88.76438288107104,26.299184503110542],[88.77085393744102,26.30042920481427],[88.77723251315082,26.30417626993733],[88.78089595606718,26.303408115749907],[88.78501977388858,26.304563071853508],[88.79344016095035,26.31031879407396],[88.80176453337961,26.306725627544044],[88.81313115921472,26.29726032241911],[88.81914541148294,26.29464897794787],[88.81309413425195,26.288562680942185],[88.81111684170028,26.27687796602977],[88.80988124945118,26.276970750963077],[88.81036199814683,26.27417883369899],[88.8138041788222,26.27340388689606],[88.81511121947575,26.269044635980386],[88.81476787169608,26.26520712169606],[88.81220932783309,26.264794037256298],[88.81376421097856,26.258632850429017],[88.81288847754408,26.255664037222083],[88.81366578796279,26.254053399336787],[88.81911560807673,26.255040372384684],[88.8196393213958,26.253679042252042],[88.82331484844937,26.253402146813563],[88.82420261571544,26.24875307267583],[88.82968830466035,26.249963442538537],[88.83010457857313,26.246105935122173],[88.82712599685632,26.244057952793124],[88.82772647930128,26.24005637910376],[88.83101492589218,26.240317288203485],[88.83457092580899,26.237669055240715],[88.83863690021091,26.238235997055906],[88.83902847853817,26.232048065036953],[88.84270264194916,26.230807632484932],[88.84437393687399,26.230888012564563],[88.84432791797862,26.232720080070848],[88.85197045203925,26.235263572520292],[88.85972649542256,26.231671315550145],[88.87107829186894,26.234132246924396],[88.87387040758726,26.232849053014657],[88.8783054090096,26.23343084244308],[88.87693315246302,26.23828307898396],[88.87811216073072,26.242206737760895],[88.87251775946673,26.239810703642696],[88.87241428612244,26.244249700078218],[88.86854909955954,26.244879560740124],[88.86824322140868,26.24891068674987],[88.8614173556543,26.25207718996012],[88.86120205193859,26.263480745472364],[88.8646232362908,26.26884845402262],[88.86132157278715,26.272727030799754],[88.86620520813369,26.27480902583481],[88.86712945508512,26.280571915563986],[88.87577472909007,26.286803724982946],[88.89818574159312,26.288781104671095],[88.91716343080951,26.288301795662537],[88.91951039177867,26.284748453588893],[88.92638986629427,26.284152424911518],[88.92791124048303,26.280494067599065],[88.93164218909806,26.2771470325467],[88.93503736362953,26.267367565984948],[88.94037724702069,26.26307098597995],[88.95283098526654,26.241900546014502],[88.95585879106767,26.24258855415621],[88.95680269764908,26.240396074398554],[88.96633388659399,26.238816351878107],[88.97813526738216,26.24274616047714],[88.9787413445347,26.244522401841483],[88.9678744002882,26.251212005290004],[88.96774299742337,26.253979979147527],[88.95707269978244,26.255464846968007],[88.95422320507365,26.257281726958706],[88.9524645004784,26.263935663415268],[88.95353966080431,26.26497536892733],[88.95668051868559,26.262841212298966],[88.96629698739537,26.261431841712756],[88.96786242664375,26.257765805265123],[88.97118903456625,26.257252011514034],[88.97338344992207,26.254388460738465],[88.9733258571326,26.25617521727791],[88.97492901663976,26.256152148012895],[88.97559867744641,26.251242556949673],[88.98046263699331,26.248335902088908],[88.9824646736395,26.244709036122924],[88.99122865911089,26.245642102321092],[89.00045761167509,26.24426666761575],[89.01597645916253,26.244605784995294],[89.01826282966411,26.243699421648554],[89.01828631342227,26.24187308751647],[89.02149527528017,26.244743033906822],[89.02279489135793,26.241962676693966],[89.02736098303136,26.24408117673991],[89.02748588119519,26.247631738421063],[89.03414454532235,26.245831528983697],[89.03423779314379,26.24283517852892],[89.03561010987747,26.242299464185585],[89.03677030652479,26.24230140115541],[89.03751545186644,26.245659360514683],[89.04603745545485,26.24082423394431],[89.05101673981963,26.241494050968388],[89.04943113069812,26.243337289437903],[89.05010416378035,26.245321423347445],[89.04804169746505,26.245782072481656],[89.04882795600231,26.251861263188214],[89.0512200636027,26.252939182630644],[89.05133204848433,26.25543973930088],[89.05456338737598,26.25767636925618],[89.05897055270262,26.2543328446989],[89.06236828563604,26.2538175606208],[89.06291119235945,26.255979710449033],[89.06017536687348,26.256889777336085],[89.06052696927229,26.259021558026287],[89.06315212770517,26.260210202526867],[89.06100924690055,26.26427033943752],[89.06122474016081,26.26943319997612],[89.06274302145006,26.270722985096814],[89.05927928480115,26.276546451657733],[89.05403772830603,26.277306850554965],[89.06232328453187,26.278655539622644],[89.06283811620773,26.281782452349063],[89.05758892762596,26.286303894497372],[89.06094893131744,26.289970752388708],[89.059373804637,26.29354154152737],[89.05616665737595,26.294091707773855],[89.05306817392493,26.29208244817068],[89.0523542908535,26.296262194228774],[89.04591427486984,26.295428129369167],[89.04528461424616,26.29118803045695],[89.04143369382831,26.289807416932252],[89.0463380829529,26.289472563265107],[89.04484367529062,26.28500605586688],[89.04685052511007,26.282825172268886],[89.04784706937389,26.28862471336489],[89.05043716206966,26.28859898223622],[89.04848450222141,26.286094607666836],[89.04813145982315,26.27985681902883],[89.04642869781222,26.281139892413027],[89.04321548332973,26.28009564790452],[89.04464896365619,26.27940887763883],[89.04505654726687,26.275375906415682],[89.03972428338595,26.276800088199998],[89.04012106475538,26.278422319543356],[89.0382394850023,26.277770900031193],[89.04030390245842,26.281130703742832],[89.03728327060318,26.282572947960556],[89.04069321613287,26.284297180468656],[89.04085118218063,26.286154437770453],[89.03862011825616,26.285693774010802],[89.0376042584171,26.283347008758597],[89.03530992435056,26.283217161590933],[89.031669169285,26.285787373429052],[89.02755736104066,26.28289154106085],[89.02475118219655,26.288427186455152],[89.02132081257055,26.287851280566315],[89.0197178147601,26.289966986351683],[89.02144165753582,26.293286757686428],[89.02330378606806,26.2936630020798],[89.02084515013604,26.297837393623453],[89.02662133627753,26.3056509979678],[89.02614899401631,26.307203655698014],[89.02290900794173,26.308519978842064],[89.02177011394305,26.307604233813258],[89.02107215171337,26.309220598769887],[89.02016584681313,26.30719002315589],[89.01861003301299,26.307169309805943],[89.0200633840735,26.305246638702553],[89.01566180626799,26.30338569367444],[89.0163353918141,26.301641723197786],[89.01422408499506,26.30042263819829],[89.01970333751102,26.295225936512637],[89.0184826411259,26.28992314696592],[89.01676901219498,26.289621219176496],[89.01680770532923,26.291531446065406],[89.0120697506706,26.293058525719402],[89.01300938755948,26.298294617058882],[89.01047520421034,26.298749669115637],[89.01188421981834,26.30044713536245],[89.00848693873749,26.301707732520264],[89.00735069297228,26.304713374572845],[89.00589862829925,26.30276951211518],[89.0043254446748,26.303943201031217],[89.00460434641768,26.298079214364492],[89.00104443703277,26.295464252945973],[89.00011083772091,26.290882138605426],[88.99572442347737,26.29044835350855],[88.99500091046608,26.292356405937852],[88.99593026703482,26.29479132283758],[88.99585323021101,26.299758870106178],[88.99700036176085,26.297047614913513],[88.99762931810533,26.29985927366758],[88.9953542888342,26.30022079792585],[88.99490840914463,26.29962898332883],[88.99510509168283,26.29562689104879],[88.99418353877891,26.299716831917575],[88.98493497958535,26.300728674804887],[88.98267268752667,26.310075287695007],[88.98558133989016,26.314755723159017],[88.98395000023251,26.317061525417504],[88.98503596010477,26.318459823437674],[88.98709083924922,26.317945254118897],[88.98673711592795,26.316850435684646],[88.99053123227715,26.316562880209982],[88.9915235652389,26.314837570218298],[88.99330206960134,26.31532959105261],[88.99476359533094,26.313443591234382],[88.99686963263247,26.313939741574664],[88.99148853723105,26.3225628936301],[88.99442770716135,26.3226194077399],[88.99533153360977,26.32108811594233],[88.9972461354327,26.322415551331098],[88.99988983239808,26.325945119003507],[89.00080571064431,26.330634122135617],[88.99197554718423,26.333105927010934],[88.99258022565985,26.335213881328897],[88.99075158542307,26.335821461148477],[88.98906265926414,26.33270223117316],[88.98537621318832,26.33314480757075],[88.98162885774292,26.341244825656496],[88.98661931265826,26.341662759385592],[88.98587970453201,26.340175437606177],[88.98870935815111,26.339763750532097],[88.98703146959208,26.338242882390087],[88.99004276525658,26.33859026676307],[88.98690309764302,26.34278001447388],[88.98612001734523,26.347460787991412],[88.98773939593487,26.347505842082153],[88.98509444941291,26.350164814600525],[88.9852241176309,26.34874729321074],[88.98275710850214,26.34929932485784],[88.97760805422675,26.346862835920962],[88.97478098506073,26.351214018239506],[88.97161741776905,26.351898054324245],[88.97147305221469,26.35021981636526],[88.96968188789495,26.349843465862946],[88.96670220214865,26.352042089325174],[88.9649469821184,26.349064710220357],[88.96122573171517,26.352494652984355],[88.95897836067337,26.348269039677255],[88.96239932673498,26.345801010526646],[88.96186588106814,26.339702954671612],[88.9633162622983,26.338444662858784],[88.9627582881326,26.336628862667524],[88.95922541893606,26.33635235765255],[88.96025354077872,26.33042270530513],[88.95594785902807,26.330351760875832],[88.95532467705425,26.333691472832992],[88.95254797283292,26.332896825328028],[88.95211660003686,26.343298815736276],[88.95606509276593,26.341565603354283],[88.95889344292954,26.343956212956517],[88.9528993668226,26.346488755074336],[88.95235743656791,26.3441743535532],[88.94621418173331,26.344305209538163],[88.9469474863812,26.34752104123282],[88.94984509665322,26.348792702605213],[88.94875721348798,26.352725729301774],[88.95058462123615,26.352819155435263],[88.95336700460668,26.356511926261803],[88.95831106063928,26.35807621975091],[88.95850681881103,26.361931057813035],[88.95471543873022,26.36198719049558],[88.95339199483958,26.3662055778937],[88.9496577808485,26.3659864373491],[88.94685459519094,26.355986566859556],[88.9426192155944,26.357938666273462],[88.93683151664425,26.356882953784126],[88.93586996984556,26.35862446319071],[88.92897374174994,26.36187113484245],[88.92903636330841,26.36384894028041],[88.92716841189652,26.364997088706843],[88.92226472974603,26.363567755524794],[88.92017747442047,26.35978411256613],[88.9176974127706,26.360520144038386],[88.92002999530531,26.36132234578086],[88.92156178635811,26.364335947652048],[88.92000477151045,26.36634173555642],[88.91466057081604,26.36541193122141],[88.91176661848382,26.366374221556004],[88.91278874586862,26.368688930557926],[88.91117011737225,26.368002558311655],[88.91028427160259,26.37046297555134],[88.91304124792194,26.374388202138064],[88.92007342974762,26.37480238802475],[88.91942670742176,26.377097137604302],[88.92131735027775,26.377357800314762],[88.92056314542646,26.378852325507548],[88.91367272853239,26.378056830982654],[88.91235925324645,26.380619969480957],[88.90905448606347,26.380255539998902],[88.90969639521603,26.3825458492804],[88.9163937677488,26.38502977139771],[88.91644540291134,26.389325855361903],[88.91853851345594,26.390279988060858],[88.91831183347547,26.400360798412564],[88.91744338178466,26.403433012273872],[88.91296495400488,26.40348579774082],[88.91258739209094,26.40168269337785],[88.9100086720667,26.401028027881267],[88.90869167268988,26.40390919659321],[88.90619453855804,26.403687543180254],[88.90485537684486,26.408657192857035],[88.90674254771226,26.407042934957374],[88.91262847474384,26.409103304199128],[88.9264027337624,26.40692091674444],[88.93139320305075,26.414491853611903],[88.92905924878859,26.416952102598554],[88.92541904888188,26.4166347843967],[88.92285872635463,26.423729303342753],[88.9315718572995,26.42493640158406],[88.93294045051633,26.427797844462052],[88.9259110040607,26.42797370325454],[88.92615237868257,26.4324154632003],[88.92810835960245,26.43221158886947],[88.92818535061221,26.433303796097867],[88.93461431102962,26.431793723673106],[88.9383400727722,26.428530441924433],[88.93796479617237,26.426040744495346],[88.94492390993118,26.426029630214373],[88.94289907134814,26.428518447029735],[88.94574578038122,26.429406069084614],[88.94470480634179,26.43204860546254],[88.94578393003472,26.43356918480487],[88.95131450420112,26.434049648766084],[88.9492779399087,26.43840067885681],[88.94696081648169,26.439579261085754],[88.94906876090661,26.44007600098777],[88.949202555985,26.443418063982417],[88.94678602498867,26.443625516242502],[88.94614956232166,26.448237266419465],[88.95192246242586,26.448588681674465],[88.95114328620632,26.452337785341673],[88.95497814295024,26.451772576112234],[88.96052149654986,26.448515271456984],[88.96496848419304,26.451610007229796],[88.95972006906074,26.45259745370602],[88.95917037287037,26.454522670021095],[88.9571996443085,26.454884415167925],[88.95597810710032,26.46048345926708],[88.96570940296128,26.457737060008583],[88.96625424555415,26.451623805309996],[88.9749739216242,26.450215699322623],[88.97615618358982,26.446530826909946],[88.97706395723557,26.44937228515616],[88.97930776376238,26.449976019257257],[88.97845503977555,26.446467909179514],[88.98332218295182,26.44689323014826],[88.98078922220981,26.443366488004475],[88.9810294460898,26.4420625402282],[88.98426453544778,26.44192269630918],[88.98296988435862,26.43846302265593],[88.9785325607913,26.436515520511698],[88.98023872831547,26.431994113241558],[88.98312574924695,26.431279881636428],[88.9805686894008,26.42567640693066],[88.98358438411526,26.424613787067702],[88.9829448042942,26.421296114525127],[88.99269405657938,26.41928394810372],[88.99211099067116,26.417197919782264],[88.99422788051967,26.41703001566779],[88.99404482093276,26.413082452359244],[88.99852306365962,26.41410099432703],[88.99531159729865,26.41701371382361],[88.99596229556798,26.42012337581138],[88.99308674971596,26.42063446795717],[88.99392366245543,26.42326802479182],[88.9982968184637,26.420352983011252],[88.99941321685104,26.42180465690461],[89.00593740138355,26.421507139084984],[89.00506071753146,26.4169498547882],[89.00742082983639,26.412934040315868],[89.01807958232929,26.415300545539438],[89.02198727627311,26.413692621382122],[89.02330182953739,26.40836834580131],[89.01899181431378,26.406119708292387],[89.01928069544118,26.404140071132336],[89.02269130662252,26.40403531664076],[89.02196787895114,26.40594789705582],[89.0243144320852,26.408001138804835],[89.03004475923147,26.407057228363918],[89.0295259363408,26.404875414508258],[89.0315217386789,26.403801616923722],[89.03185884855723,26.399630383621865],[89.03455775148845,26.399520423072417],[89.03401967320966,26.395275354358656],[89.03746953088742,26.395006714389357],[89.03787772714915,26.399724694751015],[89.0407151404157,26.40040840025727],[89.05402393557317,26.398762214717976],[89.05576542844756,26.395924133403977],[89.05789672367997,26.39539047040905],[89.05896514304796,26.39895502565858],[89.06144693036148,26.398313442675335],[89.06286963719272,26.400963470433926],[89.06300681083493,26.396872816375865],[89.06452018283113,26.39678501980933],[89.06449219042858,26.399182813059515],[89.06730818785874,26.400065430780103],[89.06820203492263,26.397755624758876],[89.07130206527259,26.398603253915176],[89.07481178398594,26.396169144864803],[89.07447602966536,26.391124395393103],[89.07546252627273,26.396039184434727],[89.08451010628609,26.398411826372328],[89.08741960755752,26.39767122367289],[89.0852647243624,26.39373683846111],[89.08093658293303,26.393029994293915],[89.08006358397024,26.391486343515947],[89.08134080325132,26.39024626069361],[89.08608218049118,26.392435900630897],[89.09046884805963,26.391747553130887],[89.09206213687848,26.39384368077356],[89.09633780142391,26.390682468182074],[89.09098994099301,26.388099868859058],[89.09024097960801,26.38543388008819],[89.09182930433661,26.385323015177168],[89.0918855451616,26.38296959693604],[89.08917154873703,26.381081519116254],[89.08905383170554,26.375945678522015],[89.09070113262916,26.375232324859514],[89.08853678388589,26.365883857613127],[89.07988873857829,26.366985894634244],[89.07982781034416,26.362994143682226],[89.08143916158842,26.36206637858935],[89.08418915081148,26.364464006408696],[89.08583849540236,26.364137660457036],[89.08595261018955,26.362946713956422],[89.0898460909889,26.36217179252891],[89.089969334456,26.360680773501986],[89.09832858577282,26.35926778227706],[89.0933632226,26.353086983897953],[89.09579129694775,26.35413451892986],[89.09607248490305,26.350284064884658],[89.09859228263122,26.34804972748561],[89.09788535521501,26.340054035472345],[89.1003190646945,26.3390458593357],[89.10129831099924,26.336799829421302],[89.09629498771744,26.334142035968416],[89.0952921857894,26.330002249612374],[89.0911201383187,26.32965995520659],[89.09149452289147,26.328177310786],[89.08792274945658,26.3235096045939],[89.08414100380719,26.324328764359507],[89.0834528960962,26.322433289262],[89.08504464250768,26.321382137847475],[89.09000894477015,26.322507963264183],[89.09198869601074,26.320521688302964],[89.0927811843645,26.324512473981798],[89.09695306025695,26.327776432640473],[89.09669361422647,26.32950585729965],[89.09921636831024,26.328672217697257],[89.09861856014989,26.324190848697654],[89.10056379452399,26.323506039327302],[89.10346909078163,26.32308781781733],[89.1056715604323,26.326696792277957],[89.11012911585645,26.32539066436577],[89.11268970787827,26.318540596160595],[89.11636542447637,26.318597908574084],[89.11554309049562,26.32017592369717],[89.11936818434901,26.320247488718383],[89.12334434968042,26.322347065017546],[89.12861382850951,26.32244921072338],[89.12964732227759,26.32060991639955],[89.12444172444496,26.32068380571804],[89.12833292981172,26.31890329570251],[89.13463454146125,26.321479541099688],[89.13639448932486,26.32028435338308],[89.13524664091943,26.313793642857608],[89.12957757168903,26.313392514422006],[89.13258317293293,26.31292200614541],[89.13058980952086,26.309697211453557],[89.1285275471231,26.310882376720578],[89.12613918819237,26.316630533328436],[89.12180625155602,26.316464384980435],[89.12106302142253,26.31437869690705],[89.11688613652407,26.31446137281126],[89.11764575911486,26.308670249050802],[89.1210841605778,26.309626123071247],[89.12168100035424,26.306692508758477],[89.12439028781013,26.307322231931327],[89.12573565418695,26.30427571056304],[89.13059946730849,26.30542916259846],[89.13133959735588,26.300938636660355],[89.12872980370761,26.3015475229243],[89.128906470883,26.30336216993863],[89.12744659535856,26.301691686605842],[89.1286557403074,26.298814381883727],[89.13038477444715,26.298897600412907],[89.13002546989306,26.30058230011829],[89.13247488551701,26.30023163439102],[89.13167069121678,26.297513550461822],[89.12819239557207,26.29798889616338],[89.12854841408884,26.29625830437167],[89.12430105096642,26.29386132866373],[89.12543712964502,26.291034387164544],[89.12080332296547,26.287028477773813],[89.1169696349297,26.29130337494295],[89.11649732590615,26.297036329571863],[89.11370790423537,26.298346735385874],[89.1142201541531,26.303694952523948],[89.1088911017493,26.304531364133837],[89.10815846365136,26.313265670607947],[89.10517808171075,26.31398792414827],[89.10602912135641,26.31601208304067],[89.10469035310531,26.316025644491113],[89.1049173798355,26.313205869793837],[89.10268306221306,26.31235456262292],[89.10288658093057,26.308494645099632],[89.1000674429902,26.305050583997495],[89.1074212405522,26.300013246725758],[89.10413494812134,26.29825094511061],[89.10325601668443,26.29491034827452],[89.1038652819579,26.29314201576428],[89.10698909789993,26.291932091222556],[89.102522738986,26.288897521933535],[89.10250922922243,26.281658291552564],[89.10002222090047,26.279770944096438],[89.10274795111931,26.2782893359705],[89.10324290397624,26.28133898706898],[89.10597786707956,26.28140987290615],[89.1052442246651,26.27475180695919],[89.10856127271634,26.275811784970532],[89.10913106871118,26.272570944893385],[89.11160250114443,26.272818404565264],[89.12519015582394,26.263659797792574],[89.12539743219429,26.26128342520265],[89.1213922979916,26.25832838168035],[89.12226053947667,26.255618411674238],[89.12000750904853,26.254565675709724],[89.11980228892189,26.252706537688898],[89.1240153166375,26.249814838959484],[89.12608190711828,26.250763204906786],[89.12697069936206,26.248909205100595],[89.13005746968012,26.248977486634736],[89.13216402530958,26.245936869820696],[89.13196970174732,26.239758670221654],[89.13579054567116,26.241152666837266],[89.13596719488018,26.239773514470002],[89.13317218838326,26.238572956496476],[89.13401921705119,26.237703005126797],[89.1376000553856,26.236829653361173],[89.13931296566433,26.238190310678796],[89.1408934220493,26.23600993041961],[89.1402187324737,26.226006821382526],[89.14394736702857,26.221658768054912],[89.14218943228951,26.221443792116855],[89.14175100502351,26.216067880811917],[89.14275816108578,26.213593790860998],[89.14725183058098,26.211855480035016],[89.14956157434794,26.209166664586668],[89.1484425061676,26.20909403812684],[89.14869848110777,26.20669159615563],[89.14411003575684,26.203637625720614],[89.14399583742637,26.200634679854186],[89.14253310885259,26.20103844829064],[89.13944231408209,26.198486493036462],[89.14019081103805,26.195188705155438],[89.13846432092718,26.1890908147646],[89.13565732192124,26.187637524311583],[89.13666514004188,26.183683883896816],[89.1347040692676,26.18056786094501],[89.13696037135999,26.179979380547305],[89.13754532462862,26.176539037893182],[89.14147441105257,26.17598611338762],[89.1402957558228,26.173663115422105],[89.14102884487505,26.169444338542366],[89.14924659626324,26.170216019626327],[89.1534178271653,26.164099215933355],[89.15727143174921,26.163213825722014],[89.15503154008043,26.159492141089192],[89.15046423208813,26.15989854274777],[89.14858049997163,26.158280671414616],[89.15184188571291,26.15194527983905],[89.15124931023912,26.14832961560517],[89.15275635360415,26.148195050350573],[89.15202183353568,26.146435989453717],[89.15357578961981,26.14659825624361],[89.15235363796397,26.1455131120488],[89.15380411711052,26.144948591966376],[89.1551947468996,26.138667563251182],[89.15978213313682,26.139541152012264],[89.16071346240592,26.138435521375197],[89.159485492362,26.136207682512268],[89.16167029484598,26.137471270965552],[89.1606184170556,26.135136295263887],[89.1628667430066,26.13551116260222],[89.1620805707076,26.133391034077075],[89.16684070566889,26.132203140552004],[89.1668062175485,26.13031076420848],[89.16802690674706,26.131446595973628],[89.17157003829743,26.130307081717046],[89.17645558166565,26.13177566396598],[89.17964172901034,26.128029682892922],[89.18081686733578,26.12931099255315],[89.18135011537326,26.127929058380143],[89.18230785690838,26.12931074011563],[89.18326300949884,26.12818510938196],[89.18539924816025,26.12912858977658],[89.18506037848223,26.126843906815886],[89.18621190189548,26.12808047741465],[89.18928108230195,26.12730956453367],[89.1893616701661,26.124612969085707],[89.19223222767333,26.123779951740975],[89.19635618024199,26.125730720525976],[89.19514322194479,26.127102116843854],[89.19914503597414,26.126589415926226],[89.19905419473936,26.127802425125573],[89.20334312829986,26.129489766563733],[89.20495739278061,26.127315624750615],[89.2065047417558,26.128233681075113],[89.20636052442345,26.126596660164125],[89.20964483337414,26.127315281978166],[89.21125245032177,26.124417785746136],[89.21453621938498,26.125270007848567],[89.21385845038459,26.127047811092375],[89.21708274378948,26.127290452346283],[89.21727553392755,26.125725690171226],[89.21971571127713,26.12663230387291],[89.21887113860319,26.124423660608116],[89.22310188109621,26.125588442943446],[89.2271568098134,26.122154111853565],[89.22956610577845,26.12397045817661],[89.22872640377,26.12007451640051],[89.23103968420422,26.117549828141346],[89.22966978663361,26.116123675747815],[89.23188784385107,26.11706630014992],[89.23321238817793,26.1130928417675],[89.23570350359739,26.114701435757457],[89.23735777275269,26.1124553774914],[89.23900867053067,26.113251750947825],[89.23849952698718,26.114604852987007],[89.23999329415068,26.11218850821258],[89.24236142571614,26.113509286027842],[89.23958575904896,26.110797559819545],[89.2414601055674,26.110525086259564],[89.23970091678018,26.10929264705809],[89.24049993858104,26.10778406076248],[89.2422968889495,26.109184803038808],[89.24193269845857,26.10558333209485],[89.24411181011524,26.106412858010593],[89.24426509414373,26.105011691285874],[89.24519556552178,26.106712716161407],[89.24878059449699,26.103992400835754],[89.24799290404516,26.102149240817354],[89.25200274541993,26.101759098068484],[89.2525952669948,26.09811924517284],[89.25037184054689,26.094927763362698],[89.25246886594948,26.093300533100784],[89.25186001479938,26.091880059033723],[89.25473143738425,26.093876036610858],[89.25632364373317,26.092117397806764],[89.2588877975751,26.09339863081102],[89.26016061331464,26.092161373013823],[89.26271176044959,26.0943836774801],[89.265602764511,26.092865784873656],[89.26574105925069,26.08818341030305],[89.26143796734301,26.08629578173991],[89.26093596450774,26.083191076110918],[89.25697341943268,26.080439525365332],[89.25480869968521,26.075248610799314],[89.25620230918605,26.071538016276012],[89.25445588905231,26.06451983157948],[89.25944443684428,26.062448650548433],[89.26399291614821,26.062883498028256],[89.26980682254855,26.060375665601487],[89.27066945585125,26.062195877989584],[89.27635936869117,26.061626652745197],[89.276075719352,26.06431258157274],[89.27837697314122,26.06689066022224],[89.28019977073536,26.066620740049096],[89.28263159914269,26.06462734153377],[89.28109540275173,26.06225266301524],[89.28173990174724,26.05661340150574],[89.27963473311661,26.053364479763495],[89.27942339097126,26.048933237606747],[89.28929101426145,26.04855708150731],[89.29097539314839,26.045699938802976],[89.29181568804493,26.04679304705179],[89.29672648395413,26.045628736840715],[89.29804509401023,26.049980075406836],[89.3003777322405,26.050822700812542],[89.30014102077325,26.04793724722007],[89.30461316304101,26.047333623789847],[89.30407646726947,26.045858263157317],[89.30654617763231,26.046830903872145],[89.3061896569573,26.044750110058043],[89.30799772757067,26.045328932853412],[89.31015351087773,26.041738062265043],[89.3169681701489,26.03905324161757],[89.31594534836641,26.037560888958268],[89.31938201338593,26.038429383554746],[89.3193990750881,26.039636160460187],[89.32388878301293,26.038233388948065],[89.32432969501902,26.035966564234382],[89.32820626593146,26.033512414669744],[89.32620227095799,26.03269662129858],[89.32894285122677,26.031868637046113],[89.32778440988751,26.030545821729635],[89.32953068988407,26.030353622279893],[89.32901290724251,26.028443845268587],[89.33101592664559,26.027162121300435],[89.33213061374232,26.029626202278234],[89.33291749391377,26.027278664328037],[89.33462900910882,26.02758636619827],[89.3354557286648,26.02543464957339],[89.33678400100008,26.026359992773976],[89.3386920963254,26.02392674096834],[89.33550332769678,26.022817926171495],[89.33468061372864,26.02016117205289],[89.33748732078213,26.02232094644297],[89.33890574264943,26.019612781678465],[89.33734119093656,26.019637459784725],[89.3391878864122,26.01831427246818],[89.3375136863357,26.018165737900116],[89.34016813883001,26.017559359388635],[89.34102549453044,26.015479511545855],[89.34391112666647,26.016283700368923],[89.34559595560938,26.014495304617277],[89.3494207664935,26.01620652114318],[89.34684677160764,26.013465940754486],[89.34443746396448,26.013310899600473],[89.346956960757,26.01149543751847],[89.34879383944322,26.012191917279523],[89.34914268042088,26.010414532519896],[89.35246632390292,26.010030519472313],[89.35315034248276,26.01176892297691],[89.35493661188252,26.01163855694782],[89.35438410845691,26.009053221276922],[89.35635531222759,26.008386173959384],[89.35655380666769,26.01004310173269],[89.35720902436123,26.007993721555227],[89.35966957100985,26.009191973566647],[89.36004664334196,26.00780010299523],[89.3606650884993,26.00933957974917],[89.36519624109805,26.008311032927924],[89.36668089934453,26.010319327420955],[89.37104986381368,26.008820915132628],[89.37233927502979,26.00984051224089],[89.37146588709649,26.011695644175493],[89.37270765975477,26.010754193031314],[89.37359210954246,26.011747447468302],[89.37578677373165,26.0089921372458],[89.37644469894742,26.010095830955944],[89.37800099424454,26.00926908555068],[89.37810868068753,26.010382864234675],[89.38299940014842,26.010701351885267],[89.39348855520727,26.008003508196737],[89.39456872274253,26.012954207372633],[89.39122855385253,26.01663637672742],[89.39090683211498,26.02291634768395],[89.3944200398849,26.022953375908074],[89.40325610258151,26.027417424135006],[89.40378064324892,26.030437655748337],[89.40657833570853,26.031490367077595],[89.40485699833414,26.033811805733073],[89.40748269575623,26.03619338452095],[89.40639309680877,26.037536203321714],[89.40775180226925,26.0398283350142],[89.40644229214698,26.040889385965336],[89.41899999062402,26.041836135374055],[89.42437576979563,26.04420322766984],[89.42267398155846,26.04582292897131],[89.42381346485197,26.046874242354132],[89.42598871375287,26.044207036357598],[89.42932189195335,26.043184657930258],[89.43279125924248,26.037672880678098],[89.433970591802,26.030806036208443],[89.4276411287854,26.0205997412373],[89.428244812826,26.015187666326078],[89.42682590766505,26.0151122220673],[89.43144436752628,26.01072479504044],[89.44753784035152,26.00786345225304],[89.46266331647435,25.998106815871004],[89.47586618498845,25.998036773541553],[89.48047556198382,25.996156319728122],[89.48707323948636,26.000138890791547],[89.49117357983779,26.00579029037031],[89.4962757761913,26.002924979376836],[89.50652911899645,26.001404769273943],[89.50974743501146,26.002005817686893],[89.51429813135753,26.00697908251042],[89.51914878146519,26.00852675485917],[89.5209666041893,26.008341829034034],[89.52195157994886,26.005008155542765],[89.52416060370786,26.00643598090918],[89.52598928257218,26.00455828226964],[89.52955584937166,26.005718543438796],[89.53734419617257,26.001945089277513],[89.539321069211,26.005512382788176],[89.53661435183517,26.003981544005256],[89.53378559203975,26.005312039640152],[89.53732599720324,26.00659821337188],[89.540865790614,26.005768121052718],[89.54294625826931,26.00242245913623],[89.54483627499954,26.002384969071855],[89.54501612131268,26.000363746485583],[89.54912901741682,26.000102292175047],[89.54904017673017,25.99749355550284],[89.53901547043618,25.994166145881938],[89.5388969413277,25.990139169951185],[89.53612178759856,25.989119682030577],[89.53701050528218,25.985054036283167],[89.54250401406168,25.982803950894937],[89.53914771861567,25.975125546216436],[89.54042414917593,25.969975616599672],[89.55090873450492,25.96559790638555],[89.55859210148678,25.96467433462375],[89.5587354303853,25.96929466329194],[89.5635992201506,25.97048511032036],[89.56383853673219,25.975565204985497],[89.56697007998233,25.979762103715114],[89.56929237770534,25.978356018073196],[89.56830680995601,25.969937559744107],[89.56990496405041,25.967045205925146],[89.57749176573253,25.967818777400357],[89.57957347935111,25.9722276070674],[89.57743061112292,25.977163843398436],[89.5837082638055,25.978561761223087],[89.58615042643183,25.9752299716018],[89.58778560818395,25.98020564716495],[89.58412446495471,25.989495737161942],[89.58706777611852,25.992265312976134],[89.58708479021,25.995196644595215],[89.5832643711893,26.001771513042176],[89.58055046729119,26.002385786951887],[89.58069983915662,26.006871937909793],[89.578616666674,26.00685258403749],[89.58115732058812,26.00942110695509],[89.57853320150602,26.0262589660224],[89.5833703184939,26.024153994608778],[89.58533410577358,26.026172408611508],[89.58298578206015,26.032656428791203],[89.58722841106099,26.035724066950877],[89.58678905673361,26.038356053600918],[89.58915479339055,26.038934243690452],[89.59260526641428,26.03522234494886],[89.59498168942986,26.035334123390708],[89.59771466276482,26.037936630760328],[89.59773374387976,26.040351370379],[89.59361654574371,26.041181384375054],[89.5920438759556,26.044957439860905],[89.59956562793303,26.044535459545372],[89.60407591266771,26.04890476762013],[89.6093197122561,26.050213421872662],[89.6129907854625,26.052928375102656],[89.61246529168251,26.057451439815743],[89.60749264047782,26.0579104101883],[89.60482303250636,26.06344625742012],[89.60807789558037,26.064771571870416],[89.61060279753596,26.059820906472925],[89.61778839634083,26.060340944258993],[89.61593245360764,26.056052513041198],[89.61713837090966,26.054249110822372],[89.62054053792731,26.053476504002766],[89.6247768571616,26.05717981366984],[89.6278881505886,26.057822016805243],[89.62802218372056,26.06120707510518],[89.63087542170913,26.063022415828883],[89.63591107625629,26.060834471999744],[89.64350559716162,26.063241411884462],[89.64892222722075,26.061568882097426],[89.64990764405313,26.06345348781612],[89.64826410617228,26.06829494632382],[89.63705147942463,26.074858251668644],[89.6337442760106,26.08012051143399],[89.6334727952503,26.083608971825743],[89.63552942790612,26.08628954028543],[89.6365299544016,26.085614463217144],[89.63677146377078,26.08940313839068],[89.63937445268077,26.090265619009244],[89.63318428872037,26.09414320181123],[89.63187481992061,26.09727624933597],[89.63614471458695,26.099446508186865],[89.63220441898487,26.101285352992775],[89.62948666131419,26.106722996307234],[89.62362881831334,26.107250882677608],[89.62334591277924,26.10237216408037],[89.62017059732027,26.099281069231246],[89.61600126096515,26.10342497284231],[89.61368733104895,26.102807059287596],[89.61306734438256,26.100687674870446],[89.61692207455553,26.094479373394186],[89.61532856564946,26.09379857608715],[89.6123281934988,26.096049163580282],[89.60996817192373,26.095899689242277],[89.6087989139701,26.093537540642295],[89.6099939499791,26.089425149096307],[89.60828657062761,26.088115075690084],[89.60477276188475,26.093905673526958],[89.59718669682118,26.097028711024418],[89.59358996998435,26.10152858419075],[89.5961326774472,26.103621825588725],[89.59988316801288,26.102777621459932],[89.60050888862575,26.106934439281794],[89.59531720210362,26.107291120578434],[89.6007050447512,26.10844835803443],[89.59770886324135,26.10974862803112],[89.59759846837775,26.11234178917438],[89.60287157729891,26.110965766183362],[89.60266628800198,26.108521135107555],[89.60414304287058,26.108467001411288],[89.6050251588352,26.105817027559915],[89.60972160324285,26.10802623382257],[89.61553828633569,26.10627967952435],[89.627809094352,26.113894314340563],[89.63007648524828,26.117732912818855],[89.62907489424919,26.124525850413498],[89.62540741610057,26.128021104762244],[89.62308922278005,26.126679763203384],[89.62158412696255,26.12090381285043],[89.61972696252056,26.119174354455996],[89.61562341698023,26.121161085872384],[89.6118936029374,26.12720932814519],[89.60870525921185,26.123478017761315],[89.60779789250296,26.118573326899263],[89.60425914293454,26.11675373724165],[89.60099163427628,26.123045224710076],[89.60224061232144,26.121732726750214],[89.60304658079436,26.123273595094037],[89.60556832966328,26.122043990684723],[89.60737853736876,26.12450491659707],[89.60401284015501,26.12821614981262],[89.60303881036715,26.126344488316423],[89.60443100502144,26.1245621286964],[89.60247921114912,26.124415012849905],[89.60384787712948,26.125225057084545],[89.59634713225498,26.134907517416543],[89.59825784706766,26.137076505781263],[89.59532387658619,26.13968211181323],[89.59759224215453,26.14536507104402],[89.5963762978573,26.14968587223859],[89.59806792884353,26.150305507019013],[89.59786639540282,26.153923030732724],[89.59626257293897,26.15628994646684],[89.59106586124116,26.157485692709816],[89.5964752149465,26.16106213262743],[89.59731704416556,26.160102119989908],[89.59955290599196,26.1608910796368],[89.6005210877473,26.15795475340987],[89.60437262261281,26.155859619022518],[89.60435183290218,26.159028049374065],[89.60591360163431,26.157659425236922],[89.60752472470651,26.15829314502162],[89.60678170298219,26.154212874786122],[89.608703079899,26.15341214816449],[89.61137449528078,26.15732281374551],[89.60814186910332,26.157807925563198],[89.60987532295425,26.159517458941256],[89.60945262429057,26.161221598992636],[89.6131086291564,26.161941260638255],[89.61319316062463,26.16602521603903],[89.61944958881199,26.1675524837742],[89.61794013257209,26.169139290476185],[89.61256862129638,26.167290014324795],[89.61087768830112,26.16850530067781],[89.61068841416905,26.174371768238625],[89.61146221217503,26.17514465743869],[89.61331728803397,26.172992629016935],[89.61527801475344,26.17297774561437],[89.61505469537045,26.175762175366774],[89.60810499146427,26.17635197340246],[89.60737725277788,26.179291929278293],[89.61014695822482,26.180310624542958],[89.60915152787199,26.17850029994929],[89.61501621783191,26.17640073788238],[89.61462911940293,26.178642051095583],[89.623590976782,26.179117181770728],[89.62323428363045,26.17421101542555],[89.62125891257517,26.17349389729317],[89.62260818752183,26.173230829308157],[89.62167962147052,26.171697655435434],[89.62462729754827,26.17115611759885],[89.62575452871963,26.176655526476154],[89.63023571702229,26.178075309094417],[89.6301102115973,26.179585951501952],[89.63237364541472,26.180663194422028],[89.63256307495531,26.17925463208565],[89.6367876675819,26.178638588601004],[89.63722851490925,26.17684105551077],[89.63606909260972,26.175096333421017],[89.63349162483695,26.174794607156464],[89.6331486202137,26.173169989753603],[89.63175283319659,26.173560497005262],[89.63185059145906,26.17175190010259],[89.63769997143162,26.1719482273236],[89.63818475086795,26.1666258082522],[89.64516033793242,26.165442921222937],[89.64591884122233,26.16419734289244],[89.64914110173974,26.164246876798543],[89.65003666907741,26.169709829731662],[89.6512443479757,26.170810662903797],[89.65503429434531,26.170059650188485],[89.65443619423253,26.172540083563483],[89.65856493751662,26.176106181990114],[89.65578445587953,26.17850972971557],[89.65526336923435,26.18133114005782],[89.65037324445817,26.18072109082691],[89.64974840868587,26.17949197875271],[89.64350289952081,26.18282888072264],[89.64018560173793,26.182139663877113],[89.63901131771033,26.178653262483092],[89.6330360855631,26.180437863481586],[89.63287424058994,26.182748297354827],[89.63209177833306,26.1811231773326],[89.62747009711325,26.18384735885287],[89.62752702155619,26.189514216939553],[89.63284967166693,26.190434804297926],[89.62832476864762,26.192014313216443],[89.6300700461243,26.19588960667779],[89.63399387201397,26.195679500856563],[89.63334696373687,26.194898879943405],[89.6358854464229,26.19367250248276],[89.63503715831698,26.190239718157038],[89.63778999609781,26.189751492731514],[89.63781093672542,26.186730598613032],[89.64194603020022,26.185202555948116],[89.64722432240055,26.18506968095479],[89.64540981445984,26.18842284186722],[89.64729601335011,26.187693005381867],[89.64752281550149,26.189264845206406],[89.649870290307,26.190166073086164],[89.64632752437096,26.195050688441714],[89.64343071359953,26.195326677372694],[89.64183361951716,26.1986524765429],[89.63937966111281,26.19944498614785],[89.63744483911115,26.210167607040574],[89.63206300529453,26.209421362173398],[89.6348485875658,26.21467523722999],[89.63785296530429,26.216683949560426],[89.63454074749433,26.21741874436846],[89.63538965633616,26.223414554944284],[89.63418185347035,26.22931611023949],[89.63824440079945,26.228765483109374],[89.64027134593182,26.225911138224042],[89.64597499401242,26.225300348277237],[89.64955804310077,26.221404567076426],[89.65504568318649,26.220308913531962],[89.65558412797792,26.218989390728073],[89.66216001055501,26.21909846216805],[89.66448122580813,26.21964614442378],[89.66468907171034,26.220965559850125],[89.67183370464333,26.21968363659936],[89.6715175677319,26.22304551133956],[89.6731483827734,26.224792994779442],[89.67189170436963,26.225539380399265],[89.67232425216208,26.2289331817337],[89.67765968170607,26.23428175450079],[89.67860195335366,26.23825702809272],[89.68176148900636,26.22761467863077],[89.68409563730465,26.227658784097184],[89.68564882263426,26.230729432866397],[89.68669348246132,26.229014168279807],[89.68541495433487,26.22632754396724],[89.6873589490339,26.226349725477817],[89.68374681159834,26.22282145830768],[89.68895840029558,26.222530060346777],[89.68933931472213,26.221427641626722],[89.6868924925344,26.219638793947695],[89.68397976541277,26.219981031009553],[89.67884943741782,26.22374780849278],[89.67969182359235,26.213553405862733],[89.68346660190839,26.208436977444396],[89.68528335833227,26.20826883581502],[89.69166336236337,26.213178705588874],[89.69130426801505,26.211287826922852],[89.68712365690479,26.209413090649974],[89.68550892799507,26.206604405792767],[89.68041818785636,26.20994472524264],[89.67511576690748,26.208166970829378],[89.67273042721442,26.200676015597733],[89.67532700035667,26.197868719928135],[89.68098342759609,26.1973931724265],[89.68289641424809,26.19909078931749],[89.68624775189205,26.197739331787986],[89.68191864836699,26.192973905873906],[89.68703616638601,26.181291936165994],[89.69392220039977,26.175184122186113],[89.70223264624721,26.173482315361618],[89.6977710259464,26.16932022385045],[89.68398733282073,26.1692596225128],[89.68066941879356,26.165413283908887],[89.6811668051866,26.163293946085396],[89.69720210580897,26.158129531829513],[89.70031797525401,26.15545069157831],[89.70129710208276,26.151484790738518],[89.71004537601989,26.15592846797242],[89.71073090197277,26.162284926668878],[89.71374916317399,26.16814563135194],[89.71668723176977,26.167483053932152],[89.7170769730423,26.164632623912144],[89.71960293141667,26.165857988761047],[89.72849490615484,26.166958701079675],[89.72757883207586,26.171271220025734],[89.72875517144887,26.17341999816492],[89.73669199898649,26.17204852848736],[89.73256480439792,26.17705950540659],[89.72595392884726,26.17726921108464],[89.72219151045118,26.17684460915724],[89.71362455516598,26.171924632633317],[89.7098181777115,26.17185747569792],[89.70348736093378,26.17739671938219],[89.70315888925519,26.18272356577427],[89.6986022784013,26.19076146661001],[89.70618984095643,26.187145147800347],[89.71316569571883,26.187157920610538],[89.71927087995171,26.191881017159112],[89.72049323822004,26.19523022741852],[89.71749967889252,26.2011150477792],[89.7117047368262,26.202319730620975],[89.71757397765137,26.205688345300526],[89.72742980785844,26.205322810342395],[89.73401976434111,26.209950566783014],[89.73228255912555,26.21515326002545],[89.72563436486301,26.217568811771418],[89.71893538704084,26.214053958833365],[89.70936015729085,26.21148321952043],[89.70389829705714,26.21330763975642],[89.70089684962308,26.215762549451426],[89.70049167529397,26.217949893504453],[89.70124524323971,26.21951655645339],[89.70422062785245,26.21678666699169],[89.71066950661466,26.217639215914932],[89.71350952409722,26.220887684829165],[89.7141961971987,26.22965483528805],[89.72114745159708,26.23225058791949],[89.72598610111085,26.232290095360135],[89.73210560448932,26.236698300569394],[89.7318646098548,26.239686851686095],[89.72448155775724,26.243669390111037],[89.71807577117916,26.244866128748],[89.71658616231717,26.24690896535708],[89.71840508368085,26.255702218685357],[89.71697471422024,26.25685161479262],[89.71432978207136,26.25816421540384],[89.70472063283451,26.256060803829385],[89.70227302372258,26.259352420760173],[89.707051037853,26.270543188080616],[89.71453677008249,26.26980992288799],[89.7125018173677,26.261800044860884],[89.71970901167195,26.25737278821389],[89.73434176725134,26.259641376461737],[89.73524605992534,26.26196372264291],[89.73394888546859,26.26677913386534],[89.73834405379456,26.269814847136004],[89.73245192299765,26.28051801803646],[89.72412255503708,26.287528049820885],[89.71769146651074,26.29556259126111],[89.71984420722389,26.307031475179787],[89.72314527155129,26.30912616066101],[89.72540928927366,26.307302523590376],[89.72170361206419,26.29993178139099],[89.72272254863307,26.297213034879416],[89.72676393075581,26.29436124255308],[89.73772392699101,26.292834143006495],[89.74238241578128,26.294092323880783],[89.74466033942423,26.29691427417869],[89.748685925571,26.290803648413895],[89.75145740249565,26.289136868595985],[89.75715258934461,26.28878088157381],[89.76002326183621,26.291593233673755],[89.75765297700902,26.2984719703565],[89.75345056917669,26.30314634179513],[89.7505436092392,26.321407839154183],[89.75542459186072,26.32334785989991],[89.75946121650568,26.316512674402567],[89.76320033439987,26.316578483614265],[89.76680935827466,26.319270751192327],[89.7692086613805,26.32458329316387],[89.7770915208308,26.327897507079886],[89.78260933712355,26.332710251580647],[89.77907954914839,26.346170794057535],[89.78100575989971,26.35283112116804],[89.7863997101929,26.354963972125947],[89.79150693711199,26.359806728973435],[89.79480011782447,26.359448065458963],[89.80153597508229,26.36172211366565],[89.81074203228484,26.371442222661056],[89.82040700013849,26.373001324246708],[89.81954961030206,26.368344039865075],[89.81205975300881,26.362752971208227],[89.81113190201646,26.36041878532586],[89.8113482828122,26.35786057407544],[89.8146955259351,26.35390702827128],[89.82033015375751,26.35273218267273],[89.82405170060476,26.355789507367074],[89.82025662215989,26.360366096081833],[89.82005138586358,26.36412217534252],[89.82731456317634,26.37107321048522],[89.82409234847306,26.377761913310948],[89.82488663705061,26.381602582931983],[89.83057771320885,26.385360969638466],[89.84120336098691,26.379372089203997],[89.84300312757378,26.384421632488042],[89.84655703800924,26.38629045331339],[89.85317468775548,26.38385400039623],[89.85635842671687,26.384252381028283],[89.8541398637479,26.39198470844061],[89.85516203515013,26.396636009062043],[89.84624690543721,26.404753595957505],[89.84275801865526,26.39509945697932],[89.83798356903992,26.39135751645344],[89.83092517078099,26.39135480786081],[89.82801920168522,26.39460315016374],[89.82892130067331,26.404051567215134],[89.83453898986274,26.413903781339272],[89.83870316000667,26.412350871046975],[89.84884424484235,26.41412731382441],[89.85632872751526,26.41300991256554],[89.84781004230352,26.42288171316429],[89.85536583683697,26.428199581550455],[89.85599303607674,26.43073218985118],[89.85368452390004,26.43409530938111],[89.85707609259399,26.440961726666497],[89.86093396327719,26.446512557076755],[89.86903508100215,26.453676068761393],[89.86717449128402,26.45733369278941],[89.86954860383264,26.46394135204016],[89.86799831017993,26.46790201477198],[89.86095130166049,26.469153452558892],[89.85768378761236,26.484082125726857],[89.85175433720528,26.486871264525004],[89.84977976475228,26.490853739816007],[89.85403086935784,26.499597113902738],[89.85267799576017,26.50242032168744],[89.85359364224107,26.512337145629452],[89.85115975220018,26.515952075014592],[89.85096772383348,26.520790058678024],[89.85946928985085,26.532643854225917],[89.85942774366727,26.537633626838467],[89.85706215523234,26.54212919831387],[89.86239816868128,26.553781198203353],[89.85755182060554,26.575965956422166],[89.85915623416084,26.57820162464086],[89.86758918326356,26.579919152512698],[89.874198263082,26.584009788207325],[89.87403015774962,26.585467630135998],[89.86630682831401,26.589171949225417],[89.86552463106014,26.59195900509859],[89.86990481189393,26.602297190266377],[89.87103875887034,26.60946627984225],[89.86953041204983,26.613985956320573],[89.85990688258194,26.6134680259433],[89.85487880173095,26.615070612035023],[89.8497834379635,26.62311577406967],[89.84974148124982,26.628105125081582],[89.85719175158513,26.633751937426922],[89.86243556195329,26.64226582863792],[89.86642207497844,26.645637077741647],[89.85931254191858,26.655417646613348],[89.86291008352741,26.66484158900223],[89.86155684341709,26.67136047859145],[89.86333339214715,26.68130453383314],[89.85183119077276,26.697153768820364],[89.84912691501788,26.699254812075473],[89.83603905691126,26.702164957326872],[89.79932721363139,26.708309585294842],[89.76379764669021,26.69878661734676],[89.75923744796503,26.700923362816145],[89.75225249237049,26.712459625338788],[89.74850598942632,26.713978521187276],[89.74773776905995,26.71885106885442],[89.74996949324617,26.723698180886828],[89.7475275129778,26.729158693229852],[89.74349367850013,26.73254773409203],[89.7343710289734,26.725714284899905],[89.72908807182179,26.7258811908013],[89.71504405052005,26.72015864399518],[89.70751723114611,26.726578841210987],[89.69808231105696,26.728610114340714],[89.69088585880687,26.733801642270457],[89.68119568242969,26.73070517680872],[89.67734973867853,26.730942791911364],[89.66576975038707,26.73680468180758],[89.66271363777305,26.735697991060416],[89.66174719605438,26.729168703019333],[89.64982543562823,26.715586722930556],[89.64274652164485,26.714737035513892],[89.64056421108747,26.718009348783106],[89.62787288641529,26.72249000321189],[89.62388606167472,26.71710417284431],[89.62005640797292,26.71573125942472],[89.61622632846965,26.718058394006068],[89.61542344031987,26.72260953712293],[89.6086640777443,26.72751227306127],[89.6151838129212,26.737525855024572],[89.6271397183113,26.744915171888508],[89.63255010777418,26.746006453234802],[89.6363390381492,26.750597803032154],[89.63379877320561,26.760153755869045],[89.63770727473486,26.762203456465024],[89.64024511692213,26.76734159936457],[89.6432010395342,26.76739934163924],[89.63994830726405,26.77730318357015],[89.63569211010916,26.777564909099368],[89.62486371346981,26.782252673893698],[89.61061479543488,26.77782831256971],[89.60589386654586,26.78432868729927],[89.60234752531497,26.785826871800175],[89.5894688507021,26.78706682984739],[89.5864415632289,26.79006255588127],[89.57340198597555,26.792504316835664],[89.55790924712355,26.797471950650745],[89.54769203725405,26.813077499290205],[89.53610993881999,26.807935774257746],[89.52547308186381,26.809863208252036],[89.5020065282407,26.81058687689217],[89.49670842459507,26.807798040160005],[89.48711109539074,26.799243055231447],[89.47584672029286,26.79827956318883],[89.46434245728491,26.799522757640595],[89.45445338312406,26.797931064836433],[89.4399198931802,26.812420738581043],[89.43786287784202,26.825697542901683],[89.42872296359388,26.835253906252067],[89.4136558546083,26.83043271286556],[89.40543390898603,26.834763567874553],[89.3822391873645,26.83643394465563],[89.37480523133307,26.854084658818532],[89.36969045317569,26.857274054908846],[89.32487511343194,26.8374182647409],[89.31574415628548,26.843599415293742],[89.30737817838383,26.837605383678408],[89.29715166556126,26.83499192908338],[89.28646897027109,26.827987097569498],[89.2768771261799,26.82421076989022],[89.2752596708833,26.82043687931638],[89.27013552599246,26.822462760862837],[89.25911889097858,26.808699506424894],[89.25604137959616,26.807757187649873],[89.23606469371525,26.81279091296073],[89.2250909236118,26.813598139811166],[89.18736150111741,26.806890498095097],[89.17549464212816,26.813131562404916],[89.16902405378043,26.814799857774776],[89.12888534969404,26.80652864694383],[89.12671056612042,26.807263290678236],[89.11803307044454,26.819458999926983],[89.1071374591607,26.823565263219713],[89.09389007732761,26.839433115548363],[89.09809983337897,26.858083306487956],[89.09286267952709,26.86429652604724],[89.08511427631525,26.86880793534607],[89.08937193413082,26.889338830601712],[89.07299753925162,26.894427127893557],[89.05912296536529,26.90186567329661],[89.0486845399672,26.902942276508924],[89.04412425051218,26.901745120982472],[89.0436762552901,26.912548356523097],[89.04191865652098,26.91648156032017],[89.02490245579547,26.920569698027396],[89.02200617682668,26.922744248087326],[89.02061385281498,26.930861027665177],[89.01640732441045,26.93749519576268],[89.00974350934345,26.935340198870364],[89.00124064885375,26.928454455108838],[88.98743926251026,26.922534981853463],[88.97538789584983,26.912816011941338],[88.94120315539797,26.930918391849623],[88.94387167371299,26.93623298948391],[88.94271648158012,26.940158102449413],[88.9476046192829,26.94437903252438],[88.94834567100177,26.950765855432596],[88.95114228548307,26.95382096151904],[88.94829810610581,26.96696536183898],[88.91728326786505,26.998087149139916],[88.90820847339015,26.987448654154335],[88.89601595804238,26.969171364643884],[88.8811182174205,26.957157078196502],[88.87936780158036,26.948575320191267],[88.87329014442275,26.94377490875535],[88.87047913084578,26.9445738742779],[88.87074460457181,26.956454022628236],[88.87255321686933,26.95864058937427],[88.87089196510935,26.96402572566705],[88.86786654703027,26.964997890077758],[88.86717231460564,26.9710559251285],[88.86938651086405,26.982291517638878],[88.86699102020829,26.995804220650648],[88.87168810152147,27.01345669309729],[88.87026130645741,27.01772767045199],[88.87179913059563,27.026716938276966],[88.8768221656097,27.03736498654353],[88.87601988292438,27.040209993082318],[88.87322722642024,27.04100776747157],[88.87262893137303,27.042588738195764],[88.87250052888128,27.046606690769657],[88.8747590013034,27.04829802066232],[88.87552454199526,27.065001923950334],[88.87184320643505,27.069036181575118],[88.87001899579096,27.084762354357615],[88.87099962639952,27.089992979176262],[88.86716141624463,27.100505053572174],[88.86789060391358,27.106256271898275],[88.86605954092049,27.109186621826993],[88.85729189481427,27.110131975844048],[88.84607063076521,27.108304950567177],[88.84296638372331,27.111942010844228],[88.83918173202397,27.111606892077557],[88.83716260133629,27.114726984691757],[88.8298899027798,27.11549927149882],[88.82473796401408,27.11995532065331],[88.81443126038269,27.12244871340989],[88.80917937685507,27.125929086484664],[88.79942183132322,27.138938696431584],[88.77818184196329,27.134485584506464],[88.74553283077847,27.14202526597501],[88.73884984027337,27.13631215104065],[88.73457285161122,27.134818633729168],[88.72438912824059,27.13541147665435],[88.71651351549968,27.141469519700266],[88.71630569834358,27.153925302341545],[88.70658707411802,27.166396513385518],[88.69996605658777,27.167858473924102],[88.68827547310839,27.175143021455494],[88.68218011734307,27.176846771241646],[88.67237468980993,27.17483710793321],[88.65878665873629,27.16056374963814],[88.65515716135789,27.159575719973677],[88.64743803603783,27.16273478147428],[88.63744497559465,27.162464286869977],[88.63507803699186,27.163597809759082],[88.63228875006835,27.171480324117034],[88.62662904757143,27.173613749141744],[88.62243821363323,27.179307861498764],[88.61628798517708,27.181651886582838],[88.60690513503508,27.181065154539997],[88.59809651317549,27.18473691296989],[88.59576409862568,27.18932506070314],[88.59191095667414,27.188080803883164],[88.58904646818496,27.18932818260244],[88.58522052183031,27.185237376011557],[88.58288539257175,27.188283316304858],[88.5795992411764,27.186367968363637],[88.57784757667804,27.187554465477227],[88.56020798467121,27.183791947801126],[88.55503332212206,27.184073359038823],[88.547901137144,27.18099922218857],[88.54125583366005,27.181755954339906],[88.53696322958332,27.17698045006844],[88.53182356719425,27.17625568335808],[88.53043910613624,27.17086654852187],[88.52561440296725,27.170304045532053],[88.52591916091897,27.16728152283229],[88.53338657829643,27.163327460309187],[88.52803133012065,27.15933664252363],[88.52662063735804,27.156517539975983],[88.53053500129283,27.154210763818142],[88.52991150131535,27.148048286017442],[88.52201341542103,27.14806203560692],[88.51697582141117,27.145784530247344],[88.51412907375054,27.139834403662128],[88.50919253122697,27.135999800430373],[88.50431925345566,27.134467986315283],[88.50208606321888,27.131495148152755],[88.4968626994049,27.129498662911566],[88.49811511440436,27.123966595031412],[88.4962701284227,27.122243264840353],[88.48610647431381,27.123883031513753],[88.48390227001632,27.118353397983462],[88.47930622312144,27.12115162534537],[88.47521501504319,27.120828929476886],[88.46620982562976,27.112231177751237],[88.46431132521,27.100672507348218],[88.45969150619774,27.095456629956235],[88.45869123572214,27.089677632890805],[88.44521813690258,27.082506632503442],[88.43707437974435,27.082396032999377],[88.43064887155253,27.079449114794897],[88.4129070467748,27.08631972000582],[88.39705565644391,27.088631013305278],[88.38187922697985,27.094444775920163],[88.35661239113684,27.095338469841263],[88.35502448502318,27.099390990456964],[88.35006298101283,27.099654528403168],[88.34793585306507,27.101318805290937],[88.34187944106394,27.10974668897259],[88.33833227158638,27.10993480392181],[88.33360215832185,27.106083972609067],[88.32441140212354,27.10547975991352],[88.32168913760508,27.111999392987755],[88.32150422120047,27.11690704579841],[88.31743514401757,27.11994407019605],[88.31658684064026,27.12563706555715],[88.30872253679051,27.12613094490251],[88.30200401791595,27.128943787360864],[88.29519478357075,27.12593353254021],[88.28319100965408,27.127472945253988],[88.27871594247178,27.130534847813276],[88.25479416937506,27.123957632406],[88.24848628389161,27.12512170913348],[88.24260178338473,27.120417448738415],[88.23220373995358,27.11850398473477],[88.22462313125706,27.1238074119812],[88.2221021818887,27.124118729291954],[88.21557138395907,27.131566992204707],[88.21057530020018,27.1298209564129],[88.20494360268223,27.133396717093568],[88.1816942500167,27.132513346704613],[88.17210872737019,27.127184348608044],[88.1624865929859,27.113580593181045],[88.15361405060399,27.10977387532254],[88.15125208237967,27.112538403727704],[88.14696339855081,27.113271540588002],[88.14465686626102,27.115305817496687],[88.13726588383612,27.11587249211751],[88.13581870060835,27.120223439559435],[88.1336824709301,27.12179303180068],[88.12658683031613,27.12215979198159],[88.12100511236564,27.123907173051368],[88.11144064443273,27.130029903965603],[88.09615538946187,27.13344551170311],[88.08839883493718,27.1446746502835],[88.08892859661306,27.156121780754937],[88.08663234913494,27.164588891262323],[88.07819178052196,27.172579772250643],[88.07791381302697,27.180675993520257],[88.07436419474195,27.18558945582104],[88.07359558450678,27.191096549914377],[88.07982103698647,27.197556409614954],[88.07984097509421,27.19946997144048],[88.06909587563788,27.207927955335037],[88.06496399364022,27.213331067906488],[88.05299704885358,27.215039014749987],[88.04002115317074,27.22061738191656],[88.03241754760293,27.221097543919555],[88.02141954993625,27.217833885902305],[88.01482460061725,27.21170989137787]]]]}}
